"vessel_id","time_stamp","lon","lat","speed","course","trip"
1,2017-01-07 13:59:49,12.7503,43.9683,0,35,"1_1"
1,2017-01-07 14:05:52,12.7507,43.9728,6.7,355,"1_1"
1,2017-01-07 14:08:51,12.7503,43.985,7.4,356,"1_1"
1,2017-01-07 14:14:52,12.75,43.9977,7.6,0,"1_1"
1,2017-01-07 14:20:48,12.7498,44.0105,7.5,1,"1_1"
1,2017-01-07 14:23:46,12.7498,44.0105,7.5,1,"1_1"
1,2017-01-07 14:29:47,12.75,44.0228,7.5,3,"1_1"
1,2017-01-07 14:35:48,12.7503,44.0355,7.5,0,"1_1"
1,2017-01-07 14:38:48,12.751,44.048,7.5,1,"1_1"
1,2017-01-07 14:44:47,12.7518,44.0607,7.6,2,"1_1"
1,2017-01-07 14:50:47,12.7522,44.073,7.3,359,"1_1"
1,2017-01-07 14:56:43,12.751,44.0852,7.2,344,"1_1"
1,2017-01-07 14:59:43,12.751,44.0852,7.2,344,"1_1"
1,2017-01-07 15:05:41,12.7422,44.0957,7.4,325,"1_1"
1,2017-01-07 15:11:40,12.733,44.106,7.1,326,"1_1"
1,2017-01-07 15:14:39,12.7242,44.116,7.1,328,"1_1"
1,2017-01-07 15:20:40,12.7228,44.1258,7,333,"1_1"
1,2017-01-07 15:26:42,12.7163,44.137,7,339,"1_1"
1,2017-01-07 15:29:40,12.7163,44.137,7,339,"1_1"
1,2017-01-07 15:35:42,12.7093,44.1478,5.8,321,"1_1"
1,2017-01-07 15:41:43,12.7115,44.1358,8.2,165,"1_1"
1,2017-01-07 15:44:43,12.7158,44.122,8.2,166,"1_1"
1,2017-01-07 15:50:44,12.72,44.1085,8.3,166,"1_1"
1,2017-01-07 15:56:45,12.724,44.0952,7.8,163,"1_1"
1,2017-01-07 15:59:44,12.724,44.0952,7.8,163,"1_1"
1,2017-01-07 16:05:44,12.7287,44.082,8,165,"1_1"
1,2017-01-07 16:11:44,12.733,44.0688,8,167,"1_1"
1,2017-01-07 16:14:45,12.7372,44.0558,7.9,167,"1_1"
1,2017-01-07 16:20:45,12.7415,44.0432,7.8,166,"1_1"
1,2017-01-07 16:26:45,12.7458,44.0303,7.7,167,"1_1"
1,2017-01-07 16:29:46,12.7458,44.0303,7.7,167,"1_1"
1,2017-01-07 16:35:45,12.75,44.0175,7.8,166,"1_1"
1,2017-01-07 16:41:44,12.7525,44.0043,7.6,177,"1_1"
1,2017-01-07 16:44:45,12.7525,44.0043,7.6,177,"1_1"
1,2017-01-07 16:50:43,12.7517,43.9912,7.9,185,"1_1"
1,2017-01-07 16:56:42,12.7505,43.9778,8.5,185.6,"1_1"
1,2017-01-07 16:59:41,12.7508,43.9679,0.3,227.6,"1_1"
1,2017-01-07 17:05:41,12.7508,43.9679,0,360,"1_1"
1,2017-01-07 17:11:44,12.7508,43.9679,0,181.1,"1_1"
1,2017-01-08 01:02:46,12.7508,43.968,0,181,"1_2"
1,2017-01-08 01:05:50,12.751,43.9723,6.6,3,"1_2"
1,2017-01-08 01:11:52,12.7527,43.984,7.1,4,"1_2"
1,2017-01-08 01:14:54,12.7527,43.984,7.1,4,"1_2"
1,2017-01-08 01:20:54,12.7543,43.997,8,4,"1_2"
1,2017-01-08 01:26:54,12.7558,44.0103,8.1,5,"1_2"
1,2017-01-08 01:32:56,12.7567,44.0237,8.2,359,"1_2"
1,2017-01-08 01:35:56,12.7563,44.0375,8,352,"1_2"
1,2017-01-08 01:41:53,12.7517,44.0507,7.9,345,"1_2"
1,2017-01-08 01:47:54,12.7462,44.0637,7.9,344,"1_2"
1,2017-01-08 01:50:53,12.7462,44.0637,7.9,344,"1_2"
1,2017-01-08 01:56:55,12.7405,44.0763,7.9,342,"1_2"
1,2017-01-08 02:02:52,12.7347,44.0892,7.8,340,"1_2"
1,2017-01-08 02:05:53,12.7293,44.1015,7.7,343,"1_2"
1,2017-01-08 02:11:50,12.7242,44.1138,7.6,343,"1_2"
1,2017-01-08 02:17:51,12.719,44.1258,7.4,343,"1_2"
1,2017-01-08 02:20:51,12.719,44.1258,7.4,343,"1_2"
1,2017-01-08 02:26:51,12.714,44.1375,6.9,341,"1_2"
1,2017-01-08 02:32:49,12.7098,44.1475,0.9,357,"1_2"
1,2017-01-08 02:35:52,12.7107,44.1463,1.1,153,"1_2"
1,2017-01-08 02:41:51,12.7115,44.145,1.1,169,"1_2"
1,2017-01-08 02:47:52,12.7123,44.1435,0.9,151,"1_2"
1,2017-01-08 02:50:51,12.7123,44.1435,0.9,151,"1_2"
1,2017-01-08 02:56:51,12.7132,44.142,0.7,157,"1_2"
1,2017-01-08 03:02:48,12.714,44.1403,0.9,166,"1_2"
1,2017-01-08 03:05:47,12.715,44.1388,0.9,137,"1_2"
1,2017-01-08 03:11:48,12.7157,44.1375,0.5,181,"1_2"
1,2017-01-08 03:17:47,12.7165,44.1358,1,154,"1_2"
1,2017-01-08 03:20:51,12.7165,44.1358,1,154,"1_2"
1,2017-01-08 03:26:51,12.7173,44.1345,0.2,192,"1_2"
1,2017-01-08 03:32:51,12.7182,44.133,0.9,148,"1_2"
1,2017-01-08 03:35:51,12.719,44.1315,1.1,153,"1_2"
1,2017-01-08 03:41:47,12.7198,44.13,1,158,"1_2"
1,2017-01-08 03:47:48,12.7208,44.1285,1,162,"1_2"
1,2017-01-08 03:50:48,12.7208,44.1285,1,162,"1_2"
1,2017-01-08 03:56:48,12.7217,44.127,0.5,157,"1_2"
1,2017-01-08 04:02:49,12.7227,44.1255,0.9,154,"1_2"
1,2017-01-08 04:05:51,12.7235,44.124,0.9,165,"1_2"
1,2017-01-08 04:11:50,12.7242,44.123,0.2,156,"1_2"
1,2017-01-08 04:17:49,12.7225,44.121,6.7,245,"1_2"
1,2017-01-08 04:20:48,12.7225,44.121,6.7,245,"1_2"
1,2017-01-08 04:26:47,12.7215,44.1187,0.7,151,"1_2"
1,2017-01-08 04:32:51,12.7227,44.1173,0.7,151,"1_2"
1,2017-01-08 04:35:44,12.7227,44.1173,0.7,151,"1_2"
1,2017-01-08 04:41:45,12.7242,44.116,1.1,96,"1_2"
1,2017-01-08 04:47:45,12.7252,44.1145,1.2,153,"1_2"
1,2017-01-08 04:50:47,12.7263,44.1132,1,135,"1_2"
1,2017-01-08 04:56:47,12.7277,44.1117,1.1,154,"1_2"
1,2017-01-08 05:02:52,12.7288,44.1103,1.1,116,"1_2"
1,2017-01-08 05:05:51,12.7288,44.1103,1.1,116,"1_2"
1,2017-01-08 05:11:51,12.73,44.1088,1.1,149,"1_2"
1,2017-01-08 05:17:51,12.7313,44.1075,0.7,160,"1_2"
1,2017-01-08 05:20:52,12.7325,44.106,0.7,146,"1_2"
1,2017-01-08 05:26:55,12.7338,44.1047,1.2,146,"1_2"
1,2017-01-08 05:32:54,12.735,44.1032,1,150,"1_2"
1,2017-01-08 05:35:53,12.735,44.1032,1,150,"1_2"
1,2017-01-08 05:41:51,12.7362,44.1018,0.7,157,"1_2"
1,2017-01-08 05:47:45,12.7375,44.1003,1.3,129,"1_2"
1,2017-01-08 05:50:41,12.7387,44.0988,1.2,151,"1_2"
1,2017-01-08 05:56:21,12.7402,44.0973,1.2,131,"1_2"
1,2017-01-08 06:01:52,12.7415,44.0958,0.7,171,"1_2"
1,2017-01-08 06:07:51,12.742,44.0855,7.9,170,"1_2"
1,2017-01-08 06:10:51,12.742,44.0855,7.9,170,"1_2"
1,2017-01-08 06:16:51,12.7448,44.0725,7.9,171,"1_2"
1,2017-01-08 06:22:51,12.7477,44.0592,7.8,171,"1_2"
1,2017-01-08 06:25:51,12.7515,44.0463,7.7,167,"1_2"
1,2017-01-08 06:31:50,12.7533,44.0335,7.7,174,"1_2"
1,2017-01-08 06:37:51,12.7548,44.0203,7.6,175,"1_2"
1,2017-01-08 06:40:52,12.7548,44.0203,7.6,175,"1_2"
1,2017-01-08 06:46:51,12.7562,44.0072,7.6,176,"1_2"
1,2017-01-08 06:52:51,12.7567,43.9943,7.6,178,"1_2"
1,2017-01-08 06:55:52,12.7553,43.9818,7.5,202,"1_2"
1,2017-01-08 07:01:52,12.751,43.9701,6.8,184.4,"1_2"
1,2017-01-08 07:07:51,12.7489,43.9683,0,360,"1_2"
1,2017-01-08 07:10:52,12.7489,43.9683,0,360,"1_2"
1,2017-01-11 12:23:22,12.749,43.9685,0,311,"1_3"
1,2017-01-11 12:29:24,12.7523,43.9737,6.2,28,"1_3"
1,2017-01-11 12:32:27,12.7523,43.9737,6.2,28,"1_3"
1,2017-01-11 12:38:30,12.7595,43.9827,6.1,27,"1_3"
1,2017-01-11 12:44:34,12.7673,43.9925,6.9,29,"1_3"
1,2017-01-11 12:47:35,12.7768,44.0027,7.2,34,"1_3"
1,2017-01-11 12:53:33,12.7865,44.0122,7,36,"1_3"
1,2017-01-11 12:59:34,12.7965,44.0217,6.7,38,"1_3"
1,2017-01-11 13:02:34,12.7965,44.0217,6.7,38,"1_3"
1,2017-01-11 13:08:35,12.8065,44.031,7,34,"1_3"
1,2017-01-11 13:14:33,12.8167,44.0412,7.7,35,"1_3"
1,2017-01-11 13:17:33,12.8272,44.0518,7.6,39,"1_3"
1,2017-01-11 13:23:34,12.837,44.0622,7.3,31,"1_3"
1,2017-01-11 13:29:33,12.8468,44.0723,7.5,35,"1_3"
1,2017-01-11 13:32:34,12.8468,44.0723,7.5,35,"1_3"
1,2017-01-11 13:38:35,12.8567,44.0827,7.5,33,"1_3"
1,2017-01-11 13:44:34,12.8663,44.0933,7.8,31,"1_3"
1,2017-01-11 13:47:35,12.8757,44.1042,7.4,32,"1_3"
1,2017-01-11 13:53:35,12.8852,44.115,7.8,34,"1_3"
1,2017-01-11 13:59:36,12.8955,44.1257,7.7,36,"1_3"
1,2017-01-11 14:02:37,12.8955,44.1257,7.7,36,"1_3"
1,2017-01-11 14:08:31,12.9053,44.1362,7.6,35,"1_3"
1,2017-01-11 14:14:26,12.9152,44.1467,7.4,33,"1_3"
1,2017-01-11 14:17:23,12.9252,44.157,7.6,36,"1_3"
1,2017-01-11 14:23:19,12.9352,44.1673,7.7,38,"1_3"
1,2017-01-11 14:29:21,12.9453,44.1782,7.7,35,"1_3"
1,2017-01-11 14:32:22,12.9453,44.1782,7.7,35,"1_3"
1,2017-01-11 14:38:20,12.9553,44.189,7.7,32,"1_3"
1,2017-01-11 14:44:21,12.9655,44.1997,7.7,34,"1_3"
1,2017-01-11 14:50:18,12.9758,44.2103,7.6,32,"1_3"
1,2017-01-11 14:53:16,12.9865,44.2215,7.8,32,"1_3"
1,2017-01-11 14:59:16,12.9963,44.2323,7.7,34,"1_3"
1,2017-01-11 15:05:15,12.9963,44.2323,7.7,34,"1_3"
1,2017-01-11 15:08:16,13.0067,44.2438,7.7,32,"1_3"
1,2017-01-11 15:14:19,13.0173,44.2552,7.6,30,"1_3"
1,2017-01-11 15:20:21,13.032,44.2527,7.5,119,"1_3"
1,2017-01-11 15:23:20,13.032,44.2527,7.5,119,"1_3"
1,2017-01-11 15:29:19,13.0472,44.2463,7.6,118,"1_3"
1,2017-01-11 15:35:19,13.0632,44.24,7.5,119,"1_3"
1,2017-01-11 15:38:21,13.0783,44.2338,7.5,119,"1_3"
1,2017-01-11 15:44:22,13.0913,44.2338,7.3,39,"1_3"
1,2017-01-11 15:50:25,13.0822,44.2418,7.4,305,"1_3"
1,2017-01-11 15:53:24,13.0822,44.2418,7.4,305,"1_3"
1,2017-01-11 15:59:21,13.0682,44.249,7.4,302,"1_3"
1,2017-01-11 16:05:21,13.0537,44.2563,7.5,302,"1_3"
1,2017-01-11 16:08:20,13.0423,44.2648,7.3,2,"1_3"
1,2017-01-11 16:14:22,13.0418,44.2773,7.4,357,"1_3"
1,2017-01-11 16:20:25,13.0362,44.2897,7.5,341,"1_3"
1,2017-01-11 16:23:25,13.0362,44.2897,7.5,341,"1_3"
1,2017-01-11 16:29:26,13.0288,44.3012,7.6,333,"1_3"
1,2017-01-11 16:35:25,13.0213,44.313,7.6,335,"1_3"
1,2017-01-11 16:38:25,13.0135,44.3247,7.6,330,"1_3"
1,2017-01-11 16:44:24,13.0093,44.3257,0.5,182,"1_3"
1,2017-01-11 16:50:23,13.0093,44.3247,0.5,186,"1_3"
1,2017-01-11 16:53:21,13.0093,44.3247,0.5,186,"1_3"
1,2017-01-11 16:59:22,13.0093,44.3238,0.3,164,"1_3"
1,2017-01-11 17:05:21,13.0098,44.3228,0.5,159,"1_3"
1,2017-01-11 17:08:22,13.0098,44.3228,0.5,159,"1_3"
1,2017-01-11 17:14:23,13.01,44.322,0.2,160,"1_3"
1,2017-01-11 17:20:26,13.0108,44.3222,0.5,174,"1_3"
1,2017-01-11 17:23:26,13.0107,44.3213,0.3,185,"1_3"
1,2017-01-11 17:29:26,13.011,44.3207,0.1,162,"1_3"
1,2017-01-11 17:35:22,13.0113,44.3202,0.2,153,"1_3"
1,2017-01-11 17:38:22,13.0113,44.3202,0.2,153,"1_3"
1,2017-01-11 17:44:20,13.0117,44.3197,0.2,172,"1_3"
1,2017-01-11 17:50:22,13.0118,44.3192,0.1,140,"1_3"
1,2017-01-11 17:53:22,13.012,44.3187,0.2,173,"1_3"
1,2017-01-11 17:59:25,13.012,44.3182,0.2,155,"1_3"
1,2017-01-11 18:05:26,13.0122,44.3178,0.2,159,"1_3"
1,2017-01-11 18:08:24,13.0122,44.3178,0.2,159,"1_3"
1,2017-01-11 18:14:23,13.0127,44.3173,0.2,148,"1_3"
1,2017-01-11 18:20:22,13.0128,44.3168,0.1,157,"1_3"
1,2017-01-11 18:23:22,13.0132,44.3165,0,163,"1_3"
1,2017-01-11 18:29:21,13.013,44.3162,0.1,224,"1_3"
1,2017-01-11 18:35:22,13.013,44.3157,0,157,"1_3"
1,2017-01-11 18:38:21,13.013,44.3157,0,157,"1_3"
1,2017-01-11 18:44:22,13.0135,44.3155,0.2,118,"1_3"
1,2017-01-11 18:50:23,13.014,44.3152,0.1,149,"1_3"
1,2017-01-11 18:53:22,13.014,44.3152,0.1,149,"1_3"
1,2017-01-11 18:59:22,13.0142,44.3148,0.5,110,"1_3"
1,2017-01-11 19:05:21,13.0215,44.305,6.8,155,"1_3"
1,2017-01-11 19:08:20,13.0243,44.2935,7.1,186,"1_3"
1,2017-01-11 19:14:21,13.0228,44.2817,7.1,182,"1_3"
1,2017-01-11 19:20:20,13.0223,44.2695,7,181,"1_3"
1,2017-01-11 19:23:21,13.0223,44.2695,7,181,"1_3"
1,2017-01-11 19:29:22,13.0218,44.2577,7.1,180,"1_3"
1,2017-01-11 19:35:21,13.0223,44.2558,1.1,120,"1_3"
1,2017-01-11 19:38:21,13.0245,44.2548,1.3,121,"1_3"
1,2017-01-11 19:44:21,13.027,44.2537,1.1,113,"1_3"
1,2017-01-11 19:50:16,13.0295,44.2527,1.2,126,"1_3"
1,2017-01-11 19:53:16,13.0295,44.2527,1.2,126,"1_3"
1,2017-01-11 19:59:12,13.032,44.2517,1.3,117,"1_3"
1,2017-01-11 20:05:13,13.0343,44.2507,1.2,122,"1_3"
1,2017-01-11 20:08:13,13.037,44.2497,1,97,"1_3"
1,2017-01-11 20:14:14,13.0392,44.2488,0.9,119,"1_3"
1,2017-01-11 20:20:13,13.0443,44.2468,6.4,117,"1_3"
1,2017-01-11 20:23:14,13.0443,44.2468,6.4,117,"1_3"
1,2017-01-11 20:29:17,13.0578,44.2415,6.4,117,"1_3"
1,2017-01-11 20:35:19,13.071,44.2363,6.4,119,"1_3"
1,2017-01-11 20:38:19,13.084,44.2312,6.4,119,"1_3"
1,2017-01-11 20:44:20,13.0853,44.231,1.2,295,"1_3"
1,2017-01-11 20:50:20,13.0828,44.2317,1.4,299,"1_3"
1,2017-01-11 20:53:21,13.0828,44.2317,1.4,299,"1_3"
1,2017-01-11 20:59:22,13.0803,44.2328,1.1,299,"1_3"
1,2017-01-11 21:05:21,13.0778,44.2338,1.7,312,"1_3"
1,2017-01-11 21:08:21,13.0755,44.2347,1.3,298,"1_3"
1,2017-01-11 21:14:22,13.0727,44.2358,1.2,302,"1_3"
1,2017-01-11 21:20:22,13.07,44.237,1.4,306,"1_3"
1,2017-01-11 21:26:22,13.0672,44.238,1.3,295,"1_3"
1,2017-01-11 21:29:23,13.0672,44.238,1.3,295,"1_3"
1,2017-01-11 21:35:23,13.0645,44.239,1.4,297,"1_3"
1,2017-01-11 21:41:23,13.062,44.2402,1.3,289,"1_3"
1,2017-01-11 21:44:23,13.0593,44.2412,1.6,299,"1_3"
1,2017-01-11 21:50:24,13.0568,44.2422,1.2,296,"1_3"
1,2017-01-11 21:56:22,13.0542,44.2432,0.9,289,"1_3"
1,2017-01-11 21:59:22,13.0542,44.2432,0.9,289,"1_3"
1,2017-01-11 22:05:22,13.0515,44.2443,1.5,307,"1_3"
1,2017-01-11 22:11:23,13.0488,44.2453,1.2,292,"1_3"
1,2017-01-11 22:14:22,13.046,44.2463,1.5,298,"1_3"
1,2017-01-11 22:20:26,13.0435,44.2473,1.2,289,"1_3"
1,2017-01-11 22:26:27,13.0473,44.2473,6.6,107,"1_3"
1,2017-01-11 22:29:28,13.0473,44.2473,6.6,107,"1_3"
1,2017-01-11 22:35:27,13.0632,44.2455,6.7,97,"1_3"
1,2017-01-11 22:41:25,13.0783,44.242,6.8,116,"1_3"
1,2017-01-11 22:44:25,13.0913,44.2367,2,127,"1_3"
1,2017-01-11 22:50:25,13.0893,44.2382,1.2,309,"1_3"
1,2017-01-11 22:56:23,13.0865,44.2395,1.4,297,"1_3"
1,2017-01-11 22:59:22,13.0865,44.2395,1.4,297,"1_3"
1,2017-01-11 23:05:23,13.0838,44.2408,1.3,302,"1_3"
1,2017-01-11 23:11:28,13.0812,44.2422,1.7,331,"1_3"
1,2017-01-11 23:14:29,13.0785,44.2437,1.5,306,"1_3"
1,2017-01-11 23:20:32,13.0758,44.2452,0.9,317,"1_3"
1,2017-01-11 23:26:31,13.0728,44.2468,1,297,"1_3"
1,2017-01-11 23:29:32,13.0728,44.2468,1,297,"1_3"
1,2017-01-11 23:35:30,13.0702,44.248,1.2,311,"1_3"
1,2017-01-11 23:41:29,13.0673,44.2495,1.5,308,"1_3"
1,2017-01-11 23:44:29,13.0673,44.2495,1.5,308,"1_3"
1,2017-01-11 23:50:30,13.0645,44.251,1.6,313,"1_3"
1,2017-01-11 23:56:30,13.0618,44.2523,1.4,309,"1_3"
1,2017-01-11 23:59:31,13.0592,44.2535,1.4,296,"1_3"
1,2017-01-12 00:05:33,13.0563,44.2548,1.2,301,"1_3"
1,2017-01-12 00:11:34,13.0538,44.2562,1.4,311,"1_3"
1,2017-01-12 00:14:36,13.0538,44.2562,1.4,311,"1_3"
1,2017-01-12 00:20:34,13.0515,44.2572,0.9,307,"1_3"
1,2017-01-12 00:26:34,13.0487,44.2585,1.4,314,"1_3"
1,2017-01-12 00:29:33,13.046,44.2598,1.4,315,"1_3"
1,2017-01-12 00:35:34,13.0438,44.2613,1.5,334,"1_3"
1,2017-01-12 00:41:33,13.049,44.2667,8.2,44,"1_3"
1,2017-01-12 00:44:32,13.049,44.2667,8.2,44,"1_3"
1,2017-01-12 00:50:39,13.06,44.279,8.3,31,"1_3"
1,2017-01-12 00:56:41,13.07,44.2907,8.3,31,"1_3"
1,2017-01-12 00:59:43,13.08,44.3023,8.2,32,"1_3"
1,2017-01-12 01:05:45,13.0902,44.3145,8.3,32,"1_3"
1,2017-01-12 01:11:42,13.1002,44.3262,8.3,31,"1_3"
1,2017-01-12 01:14:41,13.1002,44.3262,8.3,31,"1_3"
1,2017-01-12 01:20:36,13.1103,44.338,8.3,31,"1_3"
1,2017-01-12 01:26:34,13.1207,44.3502,8.3,31,"1_3"
1,2017-01-12 01:29:35,13.1307,44.3622,8.3,30,"1_3"
1,2017-01-12 01:35:34,13.1405,44.374,8.3,31,"1_3"
1,2017-01-12 01:41:34,13.1505,44.3857,8.3,31,"1_3"
1,2017-01-12 01:44:34,13.1505,44.3857,8.3,31,"1_3"
1,2017-01-12 01:50:35,13.1605,44.3977,8.3,31,"1_3"
1,2017-01-12 01:56:36,13.1705,44.4097,8.3,29,"1_3"
1,2017-01-12 01:59:34,13.1803,44.4213,8.3,31,"1_3"
1,2017-01-12 02:05:34,13.1903,44.4333,8.3,31,"1_3"
1,2017-01-12 02:11:35,13.2002,44.4455,8.4,30,"1_3"
1,2017-01-12 02:14:37,13.2002,44.4455,8.4,30,"1_3"
1,2017-01-12 02:20:37,13.21,44.4575,8.3,30,"1_3"
1,2017-01-12 02:26:38,13.2127,44.4708,8.2,350,"1_3"
1,2017-01-12 02:29:37,13.2097,44.4843,8.1,351,"1_3"
1,2017-01-12 02:35:38,13.2067,44.4985,8.3,351,"1_3"
1,2017-01-12 02:41:38,13.2132,44.5045,7.7,97,"1_3"
1,2017-01-12 02:44:37,13.2132,44.5045,7.7,97,"1_3"
1,2017-01-12 02:50:38,13.2208,44.4978,8,178,"1_3"
1,2017-01-12 02:56:39,13.2207,44.4845,8,179,"1_3"
1,2017-01-12 02:59:38,13.2215,44.4713,7.9,177,"1_3"
1,2017-01-12 03:05:39,13.2233,44.4583,7.8,169,"1_3"
1,2017-01-12 03:11:39,13.2258,44.4453,7.8,199,"1_3"
1,2017-01-12 03:14:39,13.2258,44.4453,7.8,199,"1_3"
1,2017-01-12 03:20:39,13.212,44.4357,8.3,219,"1_3"
1,2017-01-12 03:26:40,13.1995,44.425,8.3,220,"1_3"
1,2017-01-12 03:29:39,13.187,44.4138,8.4,217,"1_3"
1,2017-01-12 03:35:37,13.187,44.4138,8.4,217,"1_3"
1,2017-01-12 03:41:38,13.1747,44.4027,8.2,219,"1_3"
1,2017-01-12 03:44:39,13.1625,44.3917,8.3,218,"1_3"
1,2017-01-12 03:50:39,13.1503,44.3803,8.3,216,"1_3"
1,2017-01-12 03:56:41,13.1383,44.3693,8.3,218,"1_3"
1,2017-01-12 03:59:41,13.1383,44.3693,8.3,218,"1_3"
1,2017-01-12 04:05:39,13.126,44.358,8.3,218,"1_3"
1,2017-01-12 04:11:38,13.1137,44.3468,8.3,219,"1_3"
1,2017-01-12 04:14:37,13.102,44.3358,8.2,216,"1_3"
1,2017-01-12 04:20:39,13.0902,44.3242,8.3,215,"1_3"
1,2017-01-12 04:26:42,13.0787,44.313,8.3,216,"1_3"
1,2017-01-12 04:29:42,13.0787,44.313,8.3,216,"1_3"
1,2017-01-12 04:35:40,13.0673,44.3017,8.4,215,"1_3"
1,2017-01-12 04:41:39,13.0558,44.2902,8.5,215,"1_3"
1,2017-01-12 04:44:40,13.0443,44.2788,8.4,216,"1_3"
1,2017-01-12 04:50:44,13.0323,44.2673,8.3,216,"1_3"
1,2017-01-12 04:56:43,13.0207,44.2557,8.3,215,"1_3"
1,2017-01-12 04:59:44,13.0207,44.2557,8.3,215,"1_3"
1,2017-01-12 05:05:45,13.0088,44.244,8.3,214,"1_3"
1,2017-01-12 05:11:45,12.9968,44.232,8.4,215,"1_3"
1,2017-01-12 05:14:44,12.9855,44.2207,8.3,215,"1_3"
1,2017-01-12 05:20:42,12.9738,44.2092,8.4,216,"1_3"
1,2017-01-12 05:26:41,12.9622,44.1975,8.2,215,"1_3"
1,2017-01-12 05:32:40,12.9507,44.1858,8.3,215,"1_3"
1,2017-01-12 05:35:37,12.9507,44.1858,8.3,215,"1_3"
1,2017-01-12 05:41:40,12.9392,44.1742,8.2,215,"1_3"
1,2017-01-12 05:47:40,12.9282,44.1628,8.3,213,"1_3"
1,2017-01-12 05:50:41,12.9172,44.151,8.3,213,"1_3"
1,2017-01-12 05:56:42,12.9062,44.1395,8.2,213,"1_3"
1,2017-01-12 06:02:41,12.8953,44.1278,8.1,212,"1_3"
1,2017-01-12 06:05:42,12.8953,44.1278,8.1,212,"1_3"
1,2017-01-12 06:11:43,12.8848,44.1162,8.5,212,"1_3"
1,2017-01-12 06:17:44,12.874,44.1045,8.4,213,"1_3"
1,2017-01-12 06:20:44,12.863,44.0923,8.4,213,"1_3"
1,2017-01-12 06:26:44,12.8523,44.0805,8.6,211,"1_3"
1,2017-01-12 06:32:45,12.841,44.0682,8.9,213,"1_3"
1,2017-01-12 06:35:44,12.841,44.0682,8.9,213,"1_3"
1,2017-01-12 06:41:44,12.8288,44.0555,9,213,"1_3"
1,2017-01-12 06:47:46,12.8168,44.0427,9,213,"1_3"
1,2017-01-12 06:50:49,12.8168,44.0427,9,213,"1_3"
1,2017-01-12 06:56:46,12.8053,44.0298,8.7,212,"1_3"
1,2017-01-12 07:02:45,12.7942,44.0173,8.5,212,"1_3"
1,2017-01-12 07:05:45,12.783,44.0055,8.5,213,"1_3"
1,2017-01-12 07:11:45,12.7713,43.9942,8.4,217,"1_3"
1,2017-01-12 07:17:42,12.7593,43.9832,8.3,219,"1_3"
1,2017-01-12 07:20:42,12.7593,43.9832,8.3,219,"1_3"
1,2017-01-12 07:26:38,12.7509,43.9714,6.8,180.2,"1_3"
1,2017-01-12 07:32:41,12.7489,43.9683,0,137.9,"1_3"
1,2017-01-12 07:35:43,12.7489,43.9683,0,360,"1_3"
1,2017-01-12 13:56:38,12.7508,43.9679,0,360,"1_4"
1,2017-01-12 14:02:36,12.752,43.9745,7.7,28,"1_4"
1,2017-01-12 14:08:40,12.7633,43.9863,8.4,35,"1_4"
1,2017-01-12 14:11:43,12.7633,43.9863,8.4,35,"1_4"
1,2017-01-12 14:17:42,12.7745,43.9978,8.4,36,"1_4"
1,2017-01-12 14:23:40,12.786,44.0092,8.4,37,"1_4"
1,2017-01-12 14:26:39,12.7985,44.0208,8.6,38,"1_4"
1,2017-01-12 14:32:36,12.811,44.0322,8.4,37,"1_4"
1,2017-01-12 14:38:34,12.8223,44.0435,8.4,35,"1_4"
1,2017-01-12 14:41:35,12.8223,44.0435,8.4,35,"1_4"
1,2017-01-12 14:47:33,12.834,44.0548,8.4,37,"1_4"
1,2017-01-12 14:53:33,12.846,44.0662,8.3,37,"1_4"
1,2017-01-12 14:56:34,12.8583,44.0775,8.3,39,"1_4"
1,2017-01-12 15:02:34,12.8703,44.0888,8.2,37,"1_4"
1,2017-01-12 15:08:33,12.882,44.1,8.7,36,"1_4"
1,2017-01-12 15:11:32,12.882,44.1,8.7,36,"1_4"
1,2017-01-12 15:17:31,12.8927,44.1125,8.6,34,"1_4"
1,2017-01-12 15:23:31,12.9038,44.1245,8.7,32,"1_4"
1,2017-01-12 15:26:31,12.9148,44.1372,8.7,30,"1_4"
1,2017-01-12 15:32:32,12.9257,44.1495,8.6,32,"1_4"
1,2017-01-12 15:38:32,12.937,44.1613,8.7,35,"1_4"
1,2017-01-12 15:41:31,12.937,44.1613,8.7,35,"1_4"
1,2017-01-12 15:47:33,12.9488,44.1732,8.7,35,"1_4"
1,2017-01-12 15:53:35,12.9607,44.1852,8.7,34,"1_4"
1,2017-01-12 15:56:35,12.9727,44.197,8.6,39,"1_4"
1,2017-01-12 16:02:36,12.9852,44.2085,8.7,36,"1_4"
1,2017-01-12 16:08:34,12.9972,44.22,8.6,36,"1_4"
1,2017-01-12 16:11:31,12.9972,44.22,8.6,36,"1_4"
1,2017-01-12 16:17:28,13.0097,44.232,8.7,36,"1_4"
1,2017-01-12 16:23:28,13.0218,44.2437,8.7,36,"1_4"
1,2017-01-12 16:26:27,13.0338,44.2553,8.7,38,"1_4"
1,2017-01-12 16:32:27,13.0463,44.2668,8.6,37,"1_4"
1,2017-01-12 16:38:28,13.0585,44.2782,8.6,37,"1_4"
1,2017-01-12 16:41:29,13.0585,44.2782,8.6,37,"1_4"
1,2017-01-12 16:47:29,13.0708,44.2897,8.7,36,"1_4"
1,2017-01-12 16:53:30,13.0838,44.3018,8.7,36,"1_4"
1,2017-01-12 16:56:29,13.0838,44.3018,8.7,36,"1_4"
1,2017-01-12 17:02:30,13.0968,44.314,8.7,37,"1_4"
1,2017-01-12 17:08:30,13.1097,44.3263,8.7,36,"1_4"
1,2017-01-12 17:11:28,13.122,44.338,8.7,37,"1_4"
1,2017-01-12 17:17:27,13.1343,44.3498,8.6,36,"1_4"
1,2017-01-12 17:23:26,13.1462,44.3615,8.6,35,"1_4"
1,2017-01-12 17:26:26,13.1462,44.3615,8.6,35,"1_4"
1,2017-01-12 17:32:27,13.1585,44.3735,8.7,36,"1_4"
1,2017-01-12 17:38:28,13.1705,44.3852,8.7,34,"1_4"
1,2017-01-12 17:41:29,13.1825,44.3975,8.6,35,"1_4"
1,2017-01-12 17:47:29,13.1942,44.4097,8.8,32,"1_4"
1,2017-01-12 17:53:28,13.2057,44.4217,8.7,33,"1_4"
1,2017-01-12 17:56:29,13.2057,44.4217,8.7,33,"1_4"
1,2017-01-12 18:02:28,13.217,44.4338,8.8,30,"1_4"
1,2017-01-12 18:08:26,13.2255,44.4458,7,23,"1_4"
1,2017-01-12 18:11:26,13.2252,44.4485,1.2,19,"1_4"
1,2017-01-12 18:17:24,13.2243,44.4505,1.3,334,"1_4"
1,2017-01-12 18:23:23,13.2238,44.4525,1.1,340,"1_4"
1,2017-01-12 18:26:23,13.2238,44.4525,1.1,340,"1_4"
1,2017-01-12 18:32:22,13.2233,44.4543,1.2,355,"1_4"
1,2017-01-12 18:38:20,13.2227,44.4563,1.3,352,"1_4"
1,2017-01-12 18:44:23,13.2222,44.4583,1.3,352,"1_4"
1,2017-01-12 18:47:24,13.2217,44.4603,1.1,355,"1_4"
1,2017-01-12 18:53:23,13.2213,44.4622,1.1,351,"1_4"
1,2017-01-12 18:59:25,13.221,44.464,1.2,351,"1_4"
1,2017-01-12 19:02:23,13.221,44.464,1.2,351,"1_4"
1,2017-01-12 19:08:23,13.2208,44.4662,1.2,1,"1_4"
1,2017-01-12 19:14:23,13.2205,44.4683,1.3,341,"1_4"
1,2017-01-12 19:17:23,13.2203,44.4702,1.4,340,"1_4"
1,2017-01-12 19:23:23,13.2202,44.472,1.1,353,"1_4"
1,2017-01-12 19:29:25,13.22,44.474,1.2,357,"1_4"
1,2017-01-12 19:32:24,13.22,44.474,1.2,357,"1_4"
1,2017-01-12 19:38:25,13.2198,44.476,1,4,"1_4"
1,2017-01-12 19:44:24,13.2195,44.4777,1.4,358,"1_4"
1,2017-01-12 19:47:26,13.2193,44.4798,1.2,353,"1_4"
1,2017-01-12 19:53:23,13.2193,44.4818,1,2,"1_4"
1,2017-01-12 19:59:24,13.2195,44.4838,1.2,3,"1_4"
1,2017-01-12 20:02:26,13.2195,44.4838,1.2,3,"1_4"
1,2017-01-12 20:08:25,13.2195,44.4857,1.2,17,"1_4"
1,2017-01-12 20:14:25,13.2197,44.4877,1,4,"1_4"
1,2017-01-12 20:17:25,13.2198,44.4895,1.2,351,"1_4"
1,2017-01-12 20:23:23,13.2198,44.4895,1.2,351,"1_4"
1,2017-01-12 20:29:22,13.2198,44.4917,1.3,0,"1_4"
1,2017-01-12 20:32:21,13.2198,44.4937,1.1,4,"1_4"
1,2017-01-12 20:38:22,13.22,44.4957,1.3,3,"1_4"
1,2017-01-12 20:44:25,13.22,44.4975,1,2,"1_4"
1,2017-01-12 20:47:25,13.22,44.4975,1,2,"1_4"
1,2017-01-12 20:53:25,13.22,44.4995,1.2,355,"1_4"
1,2017-01-12 20:59:30,13.22,44.5013,1.1,7,"1_4"
1,2017-01-12 21:02:27,13.2207,44.503,1,12,"1_4"
1,2017-01-12 21:08:27,13.2198,44.4997,6.1,182,"1_4"
1,2017-01-12 21:14:27,13.2187,44.4893,6.2,188,"1_4"
1,2017-01-12 21:17:26,13.2187,44.4893,6.2,188,"1_4"
1,2017-01-12 21:23:24,13.2187,44.4893,6.2,188,"1_4"
1,2017-01-12 21:29:23,13.2143,44.469,6.1,186,"1_4"
1,2017-01-12 21:34:08,13.2123,44.468,1.3,354,"1_4"
1,2017-01-12 21:38:08,13.212,44.4695,1.3,347,"1_4"
1,2017-01-12 21:43:50,13.2117,44.4715,1.3,347,"1_4"
1,2017-01-12 21:48:29,13.2113,44.4732,1.2,358,"1_4"
1,2017-01-12 21:53:09,13.211,44.4748,1.3,6,"1_4"
1,2017-01-12 21:55:49,13.2108,44.4758,1.6,7,"1_4"
1,2017-01-12 22:07:48,13.2097,44.4802,1.4,345,"1_4"
1,2017-01-12 22:13:29,13.2092,44.4822,0.9,340,"1_4"
1,2017-01-12 22:18:00,13.2087,44.4837,1,339,"1_4"
1,2017-01-12 22:22:29,13.2087,44.4852,1.1,6,"1_4"
1,2017-01-12 22:27:09,13.2082,44.4868,1.4,346,"1_4"
1,2017-01-12 22:34:48,13.208,44.4893,1.2,0,"1_4"
1,2017-01-12 22:41:08,13.2073,44.4917,1.6,349,"1_4"
1,2017-01-12 22:49:48,13.2068,44.4947,1.3,356,"1_4"
1,2017-01-12 22:54:29,13.2065,44.4963,1.3,334,"1_4"
1,2017-01-12 22:59:39,13.2062,44.4983,1.1,359,"1_4"
1,2017-01-12 23:04:59,13.2057,44.5002,1,333,"1_4"
1,2017-01-12 23:09:28,13.2055,44.5018,1.5,354,"1_4"
1,2017-01-12 23:14:49,13.205,44.5037,1.5,347,"1_4"
1,2017-01-12 23:18:29,13.2048,44.5047,1.1,337,"1_4"
1,2017-01-12 23:23:49,13.1977,44.504,7.1,206,"1_4"
1,2017-01-12 23:29:49,13.1868,44.4947,7.4,221,"1_4"
1,2017-01-12 23:34:29,13.1782,44.4875,7.5,220,"1_4"
1,2017-01-12 23:39:09,13.1693,44.4802,7.4,223,"1_4"
1,2017-01-12 23:44:50,13.1588,44.4713,7.3,221,"1_4"
1,2017-01-12 23:46:50,13.1552,44.4682,7.4,215,"1_4"
1,2017-01-12 23:54:09,13.1422,44.4562,7.6,220,"1_4"
1,2017-01-13 00:11:09,13.1117,44.4283,7.4,215,"1_4"
1,2017-01-13 00:24:28,13.0892,44.4052,7.4,210,"1_4"
1,2017-01-13 00:25:28,13.0875,44.4035,7.4,211,"1_4"
1,2017-01-13 00:45:29,13.0548,44.3688,7.5,211,"1_4"
1,2017-01-13 01:17:28,13.0117,44.3233,7.4,214,"1_4"
1,2017-01-13 01:23:30,13.002,44.3128,7.6,211,"1_4"
1,2017-01-13 01:29:30,12.9922,44.3023,7.5,214,"1_4"
1,2017-01-13 01:32:29,12.9922,44.3023,7.5,214,"1_4"
1,2017-01-13 01:38:29,12.9825,44.2912,7.5,210,"1_4"
1,2017-01-13 01:44:31,12.9735,44.28,7.8,211,"1_4"
1,2017-01-13 01:47:30,12.964,44.2685,7.6,213,"1_4"
1,2017-01-13 01:53:27,12.9553,44.2575,7.5,210,"1_4"
1,2017-01-13 01:59:28,12.9465,44.246,7.6,210,"1_4"
1,2017-01-13 02:02:28,12.9465,44.246,7.6,210,"1_4"
1,2017-01-13 02:08:29,12.9373,44.2348,7.9,210,"1_4"
1,2017-01-13 02:14:29,12.9283,44.2237,7.8,211,"1_4"
1,2017-01-13 02:17:26,12.9193,44.2123,7.7,208,"1_4"
1,2017-01-13 02:23:29,12.9112,44.2008,7.8,204,"1_4"
1,2017-01-13 02:29:35,12.9035,44.189,7.8,204,"1_4"
1,2017-01-13 02:32:29,12.9035,44.189,7.8,204,"1_4"
1,2017-01-13 02:38:30,12.8962,44.1772,7.7,205,"1_4"
1,2017-01-13 02:44:31,12.889,44.1652,7.9,201,"1_4"
1,2017-01-13 02:47:32,12.8818,44.1532,7.8,202,"1_4"
1,2017-01-13 02:53:30,12.8747,44.1408,7.8,204,"1_4"
1,2017-01-13 02:59:31,12.8673,44.1287,7.9,203,"1_4"
1,2017-01-13 03:05:28,12.8603,44.1162,7.8,199,"1_4"
1,2017-01-13 03:08:29,12.8603,44.1162,7.8,199,"1_4"
1,2017-01-13 03:14:28,12.854,44.104,7.8,198,"1_4"
1,2017-01-13 03:20:27,12.8465,44.0923,7.3,206,"1_4"
1,2017-01-13 03:23:26,12.8388,44.0808,7.5,205,"1_4"
1,2017-01-13 03:29:26,12.8313,44.0697,7.5,202,"1_4"
1,2017-01-13 03:35:28,12.8235,44.058,7.7,204,"1_4"
1,2017-01-13 03:38:30,12.8235,44.058,7.7,204,"1_4"
1,2017-01-13 03:44:31,12.8158,44.0463,7.8,205,"1_4"
1,2017-01-13 03:50:32,12.8082,44.0343,7.7,204,"1_4"
1,2017-01-13 03:53:31,12.8005,44.0223,7.8,206,"1_4"
1,2017-01-13 03:59:31,12.7905,44.0108,7.9,212,"1_4"
1,2017-01-13 04:05:31,12.7798,43.9993,7.9,214,"1_4"
1,2017-01-13 04:08:31,12.7798,43.9993,7.9,214,"1_4"
1,2017-01-13 04:14:32,12.7693,43.9885,7.9,218,"1_4"
1,2017-01-13 04:20:32,12.7693,43.9885,7.9,218,"1_4"
1,2017-01-13 04:23:32,12.7693,43.9885,7.9,218,"1_4"
1,2017-01-13 04:26:32,12.7693,43.9885,7.9,218,"1_4"
1,2017-01-14 08:08:32,12.7508,43.9697,5.5,2,"1_5"
1,2017-01-14 08:14:48,12.7507,43.9688,2.3,83,"1_5"
1,2017-01-14 08:20:47,12.7608,43.9773,8.2,52,"1_5"
1,2017-01-14 08:23:49,12.779,43.9825,8.6,72,"1_5"
1,2017-01-14 08:29:49,12.8003,43.9852,9.2,81,"1_5"
1,2017-01-14 08:35:48,12.8218,43.9852,9.4,95,"1_5"
1,2017-01-14 08:38:50,12.8218,43.9852,9.4,95,"1_5"
1,2017-01-14 08:44:49,12.8435,43.9842,9.5,100,"1_5"
1,2017-01-14 08:50:49,12.8658,43.9803,9.9,104,"1_5"
1,2017-01-14 08:53:48,12.8882,43.976,10.1,106,"1_5"
1,2017-01-14 08:59:49,12.9105,43.9705,10.1,110,"1_5"
1,2017-01-14 09:05:47,12.9315,43.9617,10.1,121,"1_5"
1,2017-01-14 09:08:48,12.9315,43.9617,10.1,121,"1_5"
1,2017-01-14 09:14:48,12.9507,43.9515,9.8,129,"1_5"
1,2017-01-14 09:20:50,12.9688,43.9405,10,130,"1_5"
1,2017-01-14 09:23:50,12.9868,43.9297,10.1,130,"1_5"
1,2017-01-14 09:29:51,13.0047,43.9183,10.2,132,"1_5"
1,2017-01-14 09:35:51,13.0227,43.9068,10,131,"1_5"
1,2017-01-14 09:38:50,13.0227,43.9068,10,131,"1_5"
1,2017-01-14 09:44:48,13.0332,43.8932,9,182,"1_5"
1,2017-01-14 09:50:47,13.0288,43.8783,9,193,"1_5"
1,2017-01-14 09:53:49,13.022,43.8643,8.9,206,"1_5"
1,2017-01-14 09:59:49,13.016,43.8525,4.8,166,"1_5"
1,2017-01-14 10:05:48,13.0176,43.8515,0,360,"1_5"
1,2017-01-14 10:08:49,13.0176,43.8515,0,360,"1_5"
1,2017-02-10 11:12:44,13.016,43.8563,6.1,359,"1_6"
1,2017-02-10 11:18:45,13.0133,43.8658,6.7,1,"1_6"
1,2017-02-10 11:21:44,13.0133,43.8658,6.7,1,"1_6"
1,2017-02-10 11:27:42,13.0075,43.8773,7.7,349,"1_6"
1,2017-02-10 11:33:45,12.9953,43.8878,8.5,314,"1_6"
1,2017-02-10 11:36:43,12.9833,43.8992,8.5,313,"1_6"
1,2017-02-10 11:42:43,12.969,43.9077,8.4,324,"1_6"
1,2017-02-10 11:48:45,12.9522,43.9127,8.1,273,"1_6"
1,2017-02-10 11:51:44,12.9522,43.9127,8.1,273,"1_6"
1,2017-02-10 11:57:44,12.9387,43.923,8.5,324,"1_6"
1,2017-02-10 12:03:44,12.9273,43.9348,8.5,314,"1_6"
1,2017-02-10 12:06:42,12.9103,43.9435,9,296,"1_6"
1,2017-02-10 12:12:43,12.8913,43.95,8.5,303,"1_6"
1,2017-02-10 12:18:42,12.8722,43.9537,8.8,302,"1_6"
1,2017-02-10 12:21:42,12.8722,43.9537,8.8,302,"1_6"
1,2017-02-10 12:27:43,12.8533,43.9602,8.6,296,"1_6"
1,2017-02-10 12:33:44,12.8335,43.9653,8.8,299,"1_6"
1,2017-02-10 12:36:44,12.8335,43.9653,8.8,299,"1_6"
1,2017-02-10 12:42:43,12.8138,43.9715,9,282,"1_6"
1,2017-02-10 12:48:42,12.7898,43.9733,9.3,282,"1_6"
1,2017-02-10 12:51:43,12.7675,43.9742,9.2,269,"1_6"
1,2017-02-10 12:57:44,12.7675,43.9742,9.2,269,"1_6"
1,2017-02-10 13:03:46,12.7675,43.9742,9.2,269,"1_6"
1,2017-02-10 13:06:44,12.7675,43.9742,9.2,269,"1_6"
1,2017-02-10 13:12:44,12.7675,43.9742,9.2,269,"1_6"
1,2017-02-12 16:45:17,12.7503,43.9685,0.5,345,"1_7"
1,2017-02-12 16:48:18,12.7503,43.9685,0.5,345,"1_7"
1,2017-02-12 16:54:16,12.7543,43.9765,7.1,30,"1_7"
1,2017-02-12 17:00:16,12.7648,43.9865,7.8,40,"1_7"
1,2017-02-12 17:03:15,12.7708,43.9987,9.4,35,"1_7"
1,2017-02-12 17:09:16,12.7708,43.9987,9.4,35,"1_7"
1,2017-02-12 17:15:16,12.774,44.013,9.2,8,"1_7"
1,2017-02-12 17:18:16,12.7848,44.0253,8.9,22,"1_7"
1,2017-02-12 17:24:16,12.7955,44.0378,9,27,"1_7"
1,2017-02-12 17:30:15,12.8048,44.0513,9.1,20,"1_7"
1,2017-02-12 17:33:14,12.8048,44.0513,9.1,20,"1_7"
1,2017-02-12 17:39:13,12.8142,44.0653,9.1,14,"1_7"
1,2017-02-12 17:45:14,12.826,44.0777,9.1,25,"1_7"
1,2017-02-12 17:48:15,12.8395,44.0893,9.2,43,"1_7"
1,2017-02-12 17:54:15,12.8557,44.0992,9.1,38,"1_7"
1,2017-02-12 18:00:15,12.8687,44.1092,9.1,23,"1_7"
1,2017-02-12 18:03:14,12.8687,44.1092,9.1,23,"1_7"
1,2017-02-12 18:09:12,12.8803,44.1217,9.1,44,"1_7"
1,2017-02-12 18:15:14,12.8947,44.1335,9.1,42,"1_7"
1,2017-02-12 18:18:14,12.9092,44.1445,9.1,45,"1_7"
1,2017-02-12 18:24:14,12.923,44.156,9.1,36,"1_7"
1,2017-02-12 18:30:16,12.9377,44.1675,9.1,43,"1_7"
1,2017-02-12 18:33:16,12.9377,44.1675,9.1,43,"1_7"
1,2017-02-12 18:39:16,12.9515,44.179,9.1,42,"1_7"
1,2017-02-12 18:45:21,12.9642,44.191,9.1,33,"1_7"
1,2017-02-12 18:48:17,12.9788,44.202,9.1,45,"1_7"
1,2017-02-12 18:54:17,12.992,44.2137,9.1,34,"1_7"
1,2017-02-12 19:00:15,13.0023,44.2272,9.1,40,"1_7"
1,2017-02-12 19:03:14,13.0023,44.2272,9.1,40,"1_7"
1,2017-02-12 19:09:16,13.0153,44.2397,9.1,26,"1_7"
1,2017-02-12 19:15:16,13.0267,44.2522,9.1,33,"1_7"
1,2017-02-12 19:18:17,13.0375,44.2648,9.2,20,"1_7"
1,2017-02-12 19:24:17,13.0422,44.2782,9,350,"1_7"
1,2017-02-12 19:30:17,13.0475,44.2918,9.2,29,"1_7"
1,2017-02-12 19:33:16,13.0475,44.2918,9.2,29,"1_7"
1,2017-02-12 19:39:17,13.0453,44.3068,9.4,343,"1_7"
1,2017-02-12 19:45:18,13.0447,44.3222,9.4,344,"1_7"
1,2017-02-12 19:48:19,13.0425,44.3377,9.4,353,"1_7"
1,2017-02-12 19:54:18,13.0442,44.3537,9.4,351,"1_7"
1,2017-02-12 20:00:20,13.0415,44.3692,9.4,354,"1_7"
1,2017-02-12 20:03:18,13.0415,44.3692,9.4,354,"1_7"
1,2017-02-12 20:09:19,13.0413,44.3845,9.3,7,"1_7"
1,2017-02-12 20:15:18,13.0443,44.3943,7.4,319,"1_7"
1,2017-02-12 20:21:17,13.0337,44.4038,7.3,314,"1_7"
1,2017-02-12 20:24:16,13.023,44.4137,7.2,319,"1_7"
1,2017-02-12 20:30:15,13.0108,44.422,7.3,325,"1_7"
1,2017-02-12 20:36:16,12.9995,44.4312,7.3,313,"1_7"
1,2017-02-12 20:39:17,12.9995,44.4312,7.3,313,"1_7"
1,2017-02-12 20:45:17,12.9967,44.438,7.6,75,"1_7"
1,2017-02-12 20:51:19,13.0148,44.4445,9.1,74,"1_7"
1,2017-02-12 20:54:19,13.0285,44.4383,7.2,133,"1_7"
1,2017-02-12 21:00:20,13.042,44.431,7.3,123,"1_7"
1,2017-02-12 21:06:20,13.0568,44.4245,7.3,124,"1_7"
1,2017-02-12 21:09:19,13.0568,44.4245,7.3,124,"1_7"
1,2017-02-12 21:15:17,13.0705,44.417,7.3,107,"1_7"
1,2017-02-12 21:21:17,13.0845,44.411,7.2,106,"1_7"
1,2017-02-12 21:24:17,13.077,44.4123,7.8,285,"1_7"
1,2017-02-12 21:30:18,13.063,44.4188,7.7,330,"1_7"
1,2017-02-12 21:36:21,13.0473,44.4257,7.8,296,"1_7"
1,2017-02-12 21:39:21,13.0473,44.4257,7.8,296,"1_7"
1,2017-02-12 21:45:23,13.03,44.427,7.7,263,"1_7"
1,2017-02-12 21:51:23,13.0153,44.4265,1.3,202,"1_7"
1,2017-02-12 21:54:22,13.0165,44.426,0.7,103,"1_7"
1,2017-02-12 22:00:21,13.0182,44.4257,0.7,102,"1_7"
1,2017-02-12 22:06:22,13.0197,44.4255,0.5,94,"1_7"
1,2017-02-12 22:09:21,13.0197,44.4255,0.5,94,"1_7"
1,2017-02-12 22:15:23,13.0212,44.4253,0.7,98,"1_7"
1,2017-02-12 22:21:25,13.0228,44.4252,0.7,91,"1_7"
1,2017-02-12 22:24:24,13.0245,44.425,0.5,92,"1_7"
1,2017-02-12 22:30:24,13.0262,44.425,0.5,87,"1_7"
1,2017-02-12 22:36:24,13.0262,44.425,0.5,87,"1_7"
1,2017-02-12 22:39:23,13.0275,44.4248,0.5,89,"1_7"
1,2017-02-12 22:45:23,13.0287,44.4248,0.5,91,"1_7"
1,2017-02-12 22:51:24,13.03,44.4247,0.5,98,"1_7"
1,2017-02-12 22:54:24,13.03,44.4247,0.5,98,"1_7"
1,2017-02-12 23:00:25,13.0315,44.4245,0.5,104,"1_7"
1,2017-02-12 23:06:27,13.0328,44.4242,0.5,111,"1_7"
1,2017-02-12 23:09:26,13.034,44.4237,0.5,117,"1_7"
1,2017-02-12 23:15:28,13.0352,44.4232,0.5,120,"1_7"
1,2017-02-12 23:21:29,13.0362,44.4227,0.3,115,"1_7"
1,2017-02-12 23:24:30,13.0362,44.4227,0.3,115,"1_7"
1,2017-02-12 23:30:30,13.037,44.4222,0.3,115,"1_7"
1,2017-02-12 23:36:29,13.038,44.4218,0.5,107,"1_7"
1,2017-02-12 23:39:29,13.039,44.4217,0.3,101,"1_7"
1,2017-02-12 23:45:29,13.0402,44.4213,0.3,119,"1_7"
1,2017-02-12 23:51:29,13.041,44.4208,0.3,143,"1_7"
1,2017-02-12 23:54:30,13.041,44.4208,0.3,143,"1_7"
1,2017-02-13 00:00:31,13.0418,44.4203,0.5,118,"1_7"
1,2017-02-13 00:06:33,13.043,44.4197,0.5,130,"1_7"
1,2017-02-13 00:09:33,13.0438,44.419,0.3,131,"1_7"
1,2017-02-13 00:15:34,13.0445,44.4185,0.3,119,"1_7"
1,2017-02-13 00:21:34,13.0455,44.4182,0.5,122,"1_7"
1,2017-02-13 00:24:35,13.0455,44.4182,0.5,122,"1_7"
1,2017-02-13 00:30:35,13.0468,44.4177,0.5,122,"1_7"
1,2017-02-13 00:36:35,13.048,44.4172,0.5,117,"1_7"
1,2017-02-13 00:39:35,13.0488,44.4165,0.5,146,"1_7"
1,2017-02-13 00:45:35,13.0497,44.4158,0.3,133,"1_7"
1,2017-02-13 00:51:35,13.0507,44.4153,0.5,122,"1_7"
1,2017-02-13 00:54:35,13.0507,44.4153,0.5,122,"1_7"
1,2017-02-13 01:00:36,13.0518,44.415,0.5,112,"1_7"
1,2017-02-13 01:06:36,13.0528,44.4147,0.5,119,"1_7"
1,2017-02-13 01:09:36,13.0538,44.414,0.5,131,"1_7"
1,2017-02-13 01:15:36,13.0548,44.4133,0.5,138,"1_7"
1,2017-02-13 01:21:35,13.0557,44.4125,0.5,138,"1_7"
1,2017-02-13 01:24:35,13.0557,44.4125,0.5,138,"1_7"
1,2017-02-13 01:30:36,13.0568,44.4117,0.5,140,"1_7"
1,2017-02-13 01:36:38,13.0578,44.4108,0.5,136,"1_7"
1,2017-02-13 01:39:38,13.0588,44.41,0.5,128,"1_7"
1,2017-02-13 01:45:38,13.0598,44.4095,0.3,113,"1_7"
1,2017-02-13 01:51:38,13.0598,44.4095,0.3,113,"1_7"
1,2017-02-13 01:54:38,13.0608,44.4092,0.3,107,"1_7"
1,2017-02-13 02:00:39,13.0617,44.409,0.2,111,"1_7"
1,2017-02-13 02:06:39,13.0628,44.4087,0.5,110,"1_7"
1,2017-02-13 02:09:40,13.0628,44.4087,0.5,110,"1_7"
1,2017-02-13 02:15:40,13.064,44.4082,0.5,115,"1_7"
1,2017-02-13 02:21:41,13.0652,44.4078,0.5,114,"1_7"
1,2017-02-13 02:24:40,13.0663,44.4073,0.3,111,"1_7"
1,2017-02-13 02:30:39,13.0673,44.407,0.3,118,"1_7"
1,2017-02-13 02:36:40,13.0683,44.4068,0.5,102,"1_7"
1,2017-02-13 02:39:40,13.0683,44.4068,0.5,102,"1_7"
1,2017-02-13 02:45:40,13.0695,44.4067,0.3,100,"1_7"
1,2017-02-13 02:51:41,13.0705,44.4063,0.5,107,"1_7"
1,2017-02-13 02:54:41,13.0718,44.406,0.3,109,"1_7"
1,2017-02-13 03:00:41,13.073,44.4055,0.5,130,"1_7"
1,2017-02-13 03:06:42,13.0737,44.4048,0.2,134,"1_7"
1,2017-02-13 03:09:42,13.0737,44.4048,0.2,134,"1_7"
1,2017-02-13 03:15:42,13.0745,44.4045,0.3,107,"1_7"
1,2017-02-13 03:21:41,13.0753,44.4043,0.3,110,"1_7"
1,2017-02-13 03:24:40,13.0765,44.4042,0.2,96,"1_7"
1,2017-02-13 03:30:41,13.0772,44.404,0.3,109,"1_7"
1,2017-02-13 03:36:41,13.078,44.4038,0.2,118,"1_7"
1,2017-02-13 03:39:42,13.078,44.4038,0.2,118,"1_7"
1,2017-02-13 03:45:43,13.0785,44.4037,0.2,108,"1_7"
1,2017-02-13 03:51:44,13.0795,44.4033,0.2,99,"1_7"
1,2017-02-13 03:54:44,13.0802,44.4032,0.3,139,"1_7"
1,2017-02-13 04:00:44,13.078,44.403,5.2,332,"1_7"
1,2017-02-13 04:06:45,13.0653,44.4077,6.4,287,"1_7"
1,2017-02-13 04:09:44,13.0653,44.4077,6.4,287,"1_7"
1,2017-02-13 04:15:44,13.0525,44.413,6.4,308,"1_7"
1,2017-02-13 04:21:44,13.0392,44.4178,6.4,303,"1_7"
1,2017-02-13 04:24:44,13.026,44.4223,6.4,319,"1_7"
1,2017-02-13 04:30:45,13.0128,44.4282,6.4,308,"1_7"
1,2017-02-13 04:36:46,12.9995,44.4337,6.4,301,"1_7"
1,2017-02-13 04:39:46,12.9995,44.4337,6.4,301,"1_7"
1,2017-02-13 04:45:45,12.9927,44.4367,0.1,319,"1_7"
1,2017-02-13 04:51:45,12.994,44.4352,1,134,"1_7"
1,2017-02-13 04:54:46,12.9957,44.434,0.9,132,"1_7"
1,2017-02-13 05:00:47,12.9973,44.4327,0.9,141,"1_7"
1,2017-02-13 05:06:47,12.999,44.4313,1.1,138,"1_7"
1,2017-02-13 05:09:48,12.999,44.4313,1.1,138,"1_7"
1,2017-02-13 05:15:47,13.0007,44.4302,1,144,"1_7"
1,2017-02-13 05:21:46,13.0023,44.4288,0.9,133,"1_7"
1,2017-02-13 05:24:48,13.004,44.4273,1.2,138,"1_7"
1,2017-02-13 05:30:47,13.004,44.4273,1.2,138,"1_7"
1,2017-02-13 05:36:48,13.0058,44.4262,1,114,"1_7"
1,2017-02-13 05:39:48,13.0077,44.4245,1.5,135,"1_7"
1,2017-02-13 05:45:48,13.0097,44.4232,1.1,128,"1_7"
1,2017-02-13 05:51:48,13.0113,44.4217,1,136,"1_7"
1,2017-02-13 05:54:48,13.0113,44.4217,1,136,"1_7"
1,2017-02-13 06:00:49,13.0132,44.42,1.1,122,"1_7"
1,2017-02-13 06:06:51,13.0148,44.4185,1.1,137,"1_7"
1,2017-02-13 06:09:50,13.0167,44.417,1.3,138,"1_7"
1,2017-02-13 06:15:49,13.0185,44.4158,1.2,144,"1_7"
1,2017-02-13 06:21:48,13.0203,44.4147,1,137,"1_7"
1,2017-02-13 06:24:47,13.0203,44.4147,1,137,"1_7"
1,2017-02-13 06:30:46,13.0223,44.4133,1,130,"1_7"
1,2017-02-13 06:36:45,13.024,44.4118,1.3,136,"1_7"
1,2017-02-13 06:42:46,13.0257,44.4103,0.7,143,"1_7"
1,2017-02-13 06:45:49,13.0273,44.4087,1.3,151,"1_7"
1,2017-02-13 06:51:49,13.0292,44.4073,1.3,128,"1_7"
1,2017-02-13 06:57:48,13.0308,44.406,0.9,135,"1_7"
1,2017-02-13 07:00:49,13.0308,44.406,0.9,135,"1_7"
1,2017-02-13 07:06:49,13.0328,44.4045,1.1,142,"1_7"
1,2017-02-13 07:12:50,13.0347,44.403,1.1,133,"1_7"
1,2017-02-13 07:15:50,13.0367,44.4015,1.1,131,"1_7"
1,2017-02-13 07:21:50,13.0383,44.4,1,141,"1_7"
1,2017-02-13 07:27:49,13.04,44.3985,1.1,131,"1_7"
1,2017-02-13 07:30:49,13.04,44.3985,1.1,131,"1_7"
1,2017-02-13 07:36:50,13.0415,44.3968,0.9,151,"1_7"
1,2017-02-13 07:42:50,13.0432,44.395,0.9,144,"1_7"
1,2017-02-13 07:45:50,13.0448,44.3933,1,136,"1_7"
1,2017-02-13 07:51:51,13.0448,44.3933,1,136,"1_7"
1,2017-02-13 07:57:50,13.0465,44.3917,1,139,"1_7"
1,2017-02-13 08:00:49,13.0472,44.3903,1.3,162,"1_7"
1,2017-02-13 08:06:53,13.0365,44.401,9.1,332,"1_7"
1,2017-02-13 08:12:56,13.029,44.416,8.9,336,"1_7"
1,2017-02-13 08:15:56,13.029,44.416,8.9,336,"1_7"
1,2017-02-13 08:22:00,13.0208,44.4322,9.2,349,"1_7"
1,2017-02-13 08:28:00,13.0197,44.4435,4.9,348,"1_7"
1,2017-02-13 08:30:59,13.021,44.4427,1.1,128,"1_7"
1,2017-02-13 08:36:57,13.0233,44.4413,1.3,122,"1_7"
1,2017-02-13 08:42:58,13.0255,44.4403,1.2,120,"1_7"
1,2017-02-13 08:45:57,13.0255,44.4403,1.2,120,"1_7"
1,2017-02-13 08:51:57,13.0277,44.439,0.7,133,"1_7"
1,2017-02-13 08:57:59,13.0298,44.4377,1.2,106,"1_7"
1,2017-02-13 09:01:00,13.0318,44.4362,1.6,129,"1_7"
1,2017-02-13 09:07:00,13.034,44.4352,1.6,131,"1_7"
1,2017-02-13 09:13:00,13.0362,44.4342,1.1,100,"1_7"
1,2017-02-13 09:15:59,13.0362,44.4342,1.1,100,"1_7"
1,2017-02-13 09:21:58,13.0383,44.4333,1.3,115,"1_7"
1,2017-02-13 09:27:58,13.0402,44.4318,2.1,133,"1_7"
1,2017-02-13 09:30:59,13.0402,44.4318,2.1,133,"1_7"
1,2017-02-13 09:36:59,13.0425,44.431,1.2,96,"1_7"
1,2017-02-13 09:42:58,13.045,44.4302,1.3,95,"1_7"
1,2017-02-13 09:45:58,13.047,44.429,0.5,162,"1_7"
1,2017-02-13 09:51:57,13.049,44.4277,1.5,148,"1_7"
1,2017-02-13 09:57:58,13.0512,44.4267,1.5,129,"1_7"
1,2017-02-13 10:01:05,13.0512,44.4267,1.5,129,"1_7"
1,2017-02-13 10:07:00,13.0537,44.4258,1.5,96,"1_7"
1,2017-02-13 10:13:01,13.056,44.4247,1.1,108,"1_7"
1,2017-02-13 10:16:01,13.058,44.4237,1.1,163,"1_7"
1,2017-02-13 10:22:00,13.0597,44.4223,0.9,178,"1_7"
1,2017-02-13 10:27:59,13.0613,44.4207,1.1,108,"1_7"
1,2017-02-13 10:31:01,13.0613,44.4207,1.1,108,"1_7"
1,2017-02-13 10:37:01,13.0637,44.4197,1.2,116,"1_7"
1,2017-02-13 10:42:59,13.066,44.4182,1.3,118,"1_7"
1,2017-02-13 10:45:58,13.0688,44.4173,0.9,110,"1_7"
1,2017-02-13 10:51:55,13.0688,44.4173,0.9,110,"1_7"
1,2017-02-13 10:57:51,13.0717,44.4167,1.4,111,"1_7"
1,2017-02-13 11:00:48,13.074,44.4157,0.9,121,"1_7"
1,2017-02-13 11:06:46,13.0765,44.4147,1.4,132,"1_7"
1,2017-02-13 11:12:45,13.0785,44.4132,1.3,113,"1_7"
1,2017-02-13 11:15:45,13.0785,44.4132,1.3,113,"1_7"
1,2017-02-13 11:21:45,13.0808,44.412,1.6,128,"1_7"
1,2017-02-13 11:27:45,13.0833,44.4112,1,92,"1_7"
1,2017-02-13 11:30:46,13.0862,44.4107,0.5,125,"1_7"
1,2017-02-13 11:36:46,13.0922,44.4103,5.5,58,"1_7"
1,2017-02-13 11:42:46,13.1052,44.41,6.8,102,"1_7"
1,2017-02-13 11:45:46,13.1052,44.41,6.8,102,"1_7"
1,2017-02-13 11:51:46,13.1185,44.4033,7.1,122,"1_7"
1,2017-02-13 11:57:47,13.1317,44.3965,7,117,"1_7"
1,2017-02-13 12:00:47,13.1463,44.3902,6.9,120,"1_7"
1,2017-02-13 12:06:47,13.148,44.3892,0.1,176,"1_7"
1,2017-02-13 12:12:46,13.1627,44.3913,8.9,70,"1_7"
1,2017-02-13 12:18:43,13.184,44.3955,9,73,"1_7"
1,2017-02-13 12:21:43,13.184,44.3955,9,73,"1_7"
1,2017-02-13 12:27:42,13.2047,44.3985,9.2,87,"1_7"
1,2017-02-13 12:33:40,13.2253,44.4015,9,70,"1_7"
1,2017-02-13 12:36:40,13.2418,44.4015,7.9,128,"1_7"
1,2017-02-13 12:42:46,13.2543,44.392,7.9,133,"1_7"
1,2017-02-13 12:48:43,13.2687,44.3832,7.9,126,"1_7"
1,2017-02-13 12:51:42,13.2687,44.3832,7.9,126,"1_7"
1,2017-02-13 12:57:43,13.2832,44.3745,7.9,136,"1_7"
1,2017-02-13 13:03:43,13.2973,44.3667,7.9,113,"1_7"
1,2017-02-13 13:06:42,13.3127,44.3607,8.2,104,"1_7"
1,2017-02-13 13:12:41,13.331,44.3552,8.3,108,"1_7"
1,2017-02-13 13:18:45,13.3483,44.3497,8.1,116,"1_7"
1,2017-02-13 13:21:48,13.3483,44.3497,8.1,116,"1_7"
1,2017-02-13 13:27:50,13.3662,44.3438,8.1,115,"1_7"
1,2017-02-13 13:33:53,13.3848,44.3387,8.1,108,"1_7"
1,2017-02-13 13:36:55,13.3848,44.3387,8.1,108,"1_7"
1,2017-02-13 13:42:53,13.4023,44.3318,8,128,"1_7"
1,2017-02-13 13:48:54,13.4113,44.3197,8,143,"1_7"
1,2017-02-13 13:51:53,13.3995,44.3087,9.5,245,"1_7"
1,2017-02-13 13:57:53,13.3817,44.2982,9.8,219,"1_7"
1,2017-02-13 14:03:54,13.3635,44.2878,9.8,228,"1_7"
1,2017-02-13 14:06:55,13.3635,44.2878,9.8,228,"1_7"
1,2017-02-13 14:12:52,13.3457,44.2777,9.9,228,"1_7"
1,2017-02-13 14:18:49,13.3272,44.2677,9.9,235,"1_7"
1,2017-02-13 14:21:48,13.3073,44.2575,10,242,"1_7"
1,2017-02-13 14:27:46,13.2888,44.247,10.1,235,"1_7"
1,2017-02-13 14:33:42,13.2698,44.2368,10,238,"1_7"
1,2017-02-13 14:36:42,13.2698,44.2368,10,238,"1_7"
1,2017-02-13 14:42:40,13.2515,44.2272,10,217,"1_7"
1,2017-02-13 14:48:39,13.2323,44.218,9.9,226,"1_7"
1,2017-02-13 14:51:38,13.212,44.2078,9.9,230,"1_7"
1,2017-02-13 14:57:37,13.1962,44.1958,9.9,232,"1_7"
1,2017-02-13 15:03:37,13.1832,44.1822,10,249,"1_7"
1,2017-02-13 15:06:38,13.1832,44.1822,10,249,"1_7"
1,2017-02-13 15:12:37,13.166,44.1703,9.9,232,"1_7"
1,2017-02-13 15:18:36,13.1453,44.1613,9.8,242,"1_7"
1,2017-02-13 15:21:35,13.1453,44.1613,9.8,242,"1_7"
1,2017-02-13 15:27:35,13.1265,44.1523,9.8,230,"1_7"
1,2017-02-13 15:33:35,13.1068,44.1442,9.8,235,"1_7"
1,2017-02-13 15:36:36,13.0875,44.1352,9.8,239,"1_7"
1,2017-02-13 15:42:36,13.067,44.1277,10.5,251,"1_7"
1,2017-02-13 15:48:35,13.0445,44.1197,10.5,245,"1_7"
1,2017-02-13 15:51:36,13.0445,44.1197,10.5,245,"1_7"
1,2017-02-13 15:57:37,13.0445,44.1197,10.5,245,"1_7"
1,2017-02-13 16:03:37,13.0048,44.0997,10.6,235,"1_7"
1,2017-02-13 16:06:37,12.985,44.0895,10.5,248,"1_7"
1,2017-02-13 16:12:36,12.9645,44.0863,10.5,244,"1_7"
1,2017-02-13 16:18:35,12.943,44.0772,10.3,227,"1_7"
1,2017-02-13 16:21:35,12.943,44.0772,10.3,227,"1_7"
1,2017-02-13 16:27:33,12.9243,44.0667,10.5,212,"1_7"
1,2017-02-13 16:33:33,12.9065,44.055,10.4,230,"1_7"
1,2017-02-13 16:36:32,12.887,44.0445,10.4,238,"1_7"
1,2017-02-13 16:42:36,12.8693,44.0342,10.5,235,"1_7"
1,2017-02-13 16:48:40,12.85,44.0232,10.5,238,"1_7"
1,2017-02-13 16:51:42,12.85,44.0232,10.5,238,"1_7"
1,2017-02-13 16:57:45,12.8293,44.0128,10.8,234,"1_7"
1,2017-02-13 17:03:46,12.8293,44.0128,10.8,234,"1_7"
1,2017-02-13 17:06:45,12.7885,43.9913,10.5,238,"1_7"
1,2017-02-13 17:12:42,12.7685,43.9813,10.5,230,"1_7"
1,2017-02-13 17:18:38,12.751,43.9711,6.9,184.8,"1_7"
1,2017-02-13 17:21:37,12.751,43.9711,6.9,184.8,"1_7"
1,2017-02-13 17:27:35,12.7504,43.9684,0,360,"1_7"
1,2017-02-14 02:00:49,12.751,43.9693,3.9,14,"1_8"
1,2017-02-14 02:03:50,12.7555,43.9798,7.1,43,"1_8"
1,2017-02-14 02:09:50,12.7702,43.9905,9.7,37,"1_8"
1,2017-02-14 02:15:50,12.7905,43.998,10,57,"1_8"
1,2017-02-14 02:18:50,12.7905,43.998,10,57,"1_8"
1,2017-02-14 02:24:49,12.8088,44.0082,10.1,58,"1_8"
1,2017-02-14 02:30:56,12.8225,44.0212,9.7,38,"1_8"
1,2017-02-14 02:33:52,12.8348,44.0343,9.5,35,"1_8"
1,2017-02-14 02:39:54,12.8475,44.0473,9.9,48,"1_8"
1,2017-02-14 02:45:53,12.8605,44.0615,10,34,"1_8"
1,2017-02-14 02:48:54,12.8605,44.0615,10,34,"1_8"
1,2017-02-14 02:54:53,12.8727,44.0757,10,31,"1_8"
1,2017-02-14 03:00:54,12.8855,44.0893,9.9,28,"1_8"
1,2017-02-14 03:03:54,12.8975,44.1037,9.8,29,"1_8"
1,2017-02-14 03:09:51,12.9095,44.1182,9.9,29,"1_8"
1,2017-02-14 03:15:50,12.9235,44.1317,9.9,45,"1_8"
1,2017-02-14 03:18:49,12.9235,44.1317,9.9,45,"1_8"
1,2017-02-14 03:24:47,12.9408,44.1425,9.9,42,"1_8"
1,2017-02-14 03:30:49,12.9545,44.1557,9.9,36,"1_8"
1,2017-02-14 03:33:48,12.9668,44.1695,9.9,24,"1_8"
1,2017-02-14 03:39:49,12.978,44.1843,9.8,29,"1_8"
1,2017-02-14 03:45:49,12.9915,44.1987,9.8,35,"1_8"
1,2017-02-14 03:48:49,12.9915,44.1987,9.8,35,"1_8"
1,2017-02-14 03:54:52,13.0055,44.2118,9.9,37,"1_8"
1,2017-02-14 04:00:52,13.0215,44.2233,9.8,49,"1_8"
1,2017-02-14 04:03:53,13.0375,44.2352,9.7,30,"1_8"
1,2017-02-14 04:09:54,13.052,44.2475,9.8,21,"1_8"
1,2017-02-14 04:15:56,13.065,44.2612,9.7,34,"1_8"
1,2017-02-14 04:18:55,13.065,44.2612,9.7,34,"1_8"
1,2017-02-14 04:24:56,13.0792,44.2742,9.9,37,"1_8"
1,2017-02-14 04:30:56,13.0945,44.2878,10.2,42,"1_8"
1,2017-02-14 04:33:57,13.1085,44.3018,10.1,30,"1_8"
1,2017-02-14 04:39:57,13.1262,44.3127,10.2,48,"1_8"
1,2017-02-14 04:45:58,13.1412,44.3252,10.1,34,"1_8"
1,2017-02-14 04:48:58,13.1412,44.3252,10.1,34,"1_8"
1,2017-02-14 04:54:58,13.1567,44.3387,10.1,54,"1_8"
1,2017-02-14 05:00:59,13.171,44.3515,10,43,"1_8"
1,2017-02-14 05:03:58,13.187,44.3633,10.1,39,"1_8"
1,2017-02-14 05:09:55,13.2082,44.367,10.1,85,"1_8"
1,2017-02-14 05:15:48,13.2232,44.3785,10,25,"1_8"
1,2017-02-14 05:18:46,13.2232,44.3785,10,25,"1_8"
1,2017-02-14 05:24:37,13.2317,44.3938,10,17,"1_8"
1,2017-02-14 05:30:29,13.2378,44.4037,0.7,165,"1_8"
1,2017-02-14 05:33:35,13.2392,44.4027,1.4,128,"1_8"
1,2017-02-14 05:39:41,13.241,44.4012,1,133,"1_8"
1,2017-02-14 05:45:45,13.2428,44.3998,1.1,147,"1_8"
1,2017-02-14 05:48:49,13.2428,44.3998,1.1,147,"1_8"
1,2017-02-14 05:54:58,13.2445,44.3985,1,130,"1_8"
1,2017-02-14 06:00:58,13.2463,44.3972,1,126,"1_8"
1,2017-02-14 06:03:57,13.2463,44.3972,1,126,"1_8"
1,2017-02-14 06:09:56,13.2483,44.3958,1,135,"1_8"
1,2017-02-14 06:15:54,13.2505,44.3943,1.1,143,"1_8"
1,2017-02-14 06:18:54,13.2527,44.3928,1.4,117,"1_8"
1,2017-02-14 06:24:53,13.2545,44.3915,1.3,134,"1_8"
1,2017-02-14 06:30:53,13.2568,44.3902,1.2,122,"1_8"
1,2017-02-14 06:33:52,13.2568,44.3902,1.2,122,"1_8"
1,2017-02-14 06:39:51,13.259,44.3888,1.1,121,"1_8"
1,2017-02-14 06:45:52,13.2612,44.3873,1.1,145,"1_8"
1,2017-02-14 06:48:52,13.2635,44.386,1.1,128,"1_8"
1,2017-02-14 06:54:53,13.2657,44.3845,1.4,127,"1_8"
1,2017-02-14 07:00:55,13.2678,44.3832,0.9,126,"1_8"
1,2017-02-14 07:03:55,13.2678,44.3832,0.9,126,"1_8"
1,2017-02-14 07:09:54,13.2702,44.3818,1.3,131,"1_8"
1,2017-02-14 07:15:54,13.2722,44.3803,1.1,124,"1_8"
1,2017-02-14 07:18:54,13.2743,44.3788,1.1,126,"1_8"
1,2017-02-14 07:24:54,13.277,44.3775,1.2,127,"1_8"
1,2017-02-14 07:30:54,13.2795,44.3763,1.1,120,"1_8"
1,2017-02-14 07:33:54,13.2795,44.3763,1.1,120,"1_8"
1,2017-02-14 07:39:55,13.2818,44.375,1.2,113,"1_8"
1,2017-02-14 07:45:54,13.2837,44.3737,1,130,"1_8"
1,2017-02-14 07:48:55,13.2857,44.3723,0.9,129,"1_8"
1,2017-02-14 07:54:55,13.2875,44.3708,1.1,130,"1_8"
1,2017-02-14 08:00:56,13.2875,44.3708,1.1,130,"1_8"
1,2017-02-14 08:03:57,13.2907,44.3692,0.7,115,"1_8"
1,2017-02-14 08:09:56,13.2928,44.3682,1,129,"1_8"
1,2017-02-14 08:15:57,13.2955,44.3672,1.1,120,"1_8"
1,2017-02-14 08:21:57,13.2955,44.3672,1.1,120,"1_8"
1,2017-02-14 08:24:56,13.2978,44.366,1.3,99,"1_8"
1,2017-02-14 08:30:57,13.2997,44.3653,1.3,138,"1_8"
1,2017-02-14 08:33:57,13.2997,44.3653,1.3,138,"1_8"
1,2017-02-14 08:39:58,13.3013,44.3645,0.7,121,"1_8"
1,2017-02-14 08:45:59,13.3032,44.3637,0.7,88,"1_8"
1,2017-02-14 08:51:58,13.3137,44.363,5,116,"1_8"
1,2017-02-14 08:54:58,13.3243,44.3597,4.8,138,"1_8"
1,2017-02-14 09:00:58,13.3338,44.3555,5.1,106,"1_8"
1,2017-02-14 09:06:58,13.3445,44.3513,5.1,109,"1_8"
1,2017-02-14 09:09:57,13.3455,44.3507,1.5,172,"1_8"
1,2017-02-14 09:15:57,13.3475,44.3498,0.9,106,"1_8"
1,2017-02-14 09:21:57,13.35,44.349,1.4,122,"1_8"
1,2017-02-14 09:24:57,13.35,44.349,1.4,122,"1_8"
1,2017-02-14 09:30:56,13.3525,44.3482,1.1,107,"1_8"
1,2017-02-14 09:36:56,13.3575,44.3467,1.5,116,"1_8"
1,2017-02-14 09:45:53,13.3605,44.3458,1,113,"1_8"
1,2017-02-14 09:51:50,13.3635,44.3447,1.7,117,"1_8"
1,2017-02-14 09:54:50,13.3635,44.3447,1.7,117,"1_8"
1,2017-02-14 10:00:47,13.3667,44.3438,0.9,126,"1_8"
1,2017-02-14 10:06:50,13.3692,44.3428,1.3,130,"1_8"
1,2017-02-14 10:09:51,13.3692,44.3428,1.3,130,"1_8"
1,2017-02-14 10:15:55,13.3728,44.3418,1,109,"1_8"
1,2017-02-14 10:21:57,13.3748,44.341,1.1,126,"1_8"
1,2017-02-14 10:24:58,13.3757,44.3408,1.1,129,"1_8"
1,2017-02-14 10:30:57,13.378,44.34,0.9,101,"1_8"
1,2017-02-14 10:36:58,13.3803,44.3393,0.7,83,"1_8"
1,2017-02-14 10:39:58,13.3803,44.3393,0.7,83,"1_8"
1,2017-02-14 10:45:57,13.3827,44.3387,0.9,92,"1_8"
1,2017-02-14 10:51:56,13.3848,44.3378,0.9,113,"1_8"
1,2017-02-14 10:54:54,13.3872,44.337,1,119,"1_8"
1,2017-02-14 11:00:55,13.3893,44.3365,1,112,"1_8"
1,2017-02-14 11:06:53,13.3915,44.3357,0.9,104,"1_8"
1,2017-02-14 11:09:54,13.3915,44.3357,0.9,104,"1_8"
1,2017-02-14 11:15:55,13.3935,44.3348,1.5,132,"1_8"
1,2017-02-14 11:21:54,13.3958,44.334,1.2,125,"1_8"
1,2017-02-14 11:24:53,13.398,44.3333,0.7,114,"1_8"
1,2017-02-14 11:30:54,13.4002,44.3323,1,117,"1_8"
1,2017-02-14 11:36:57,13.4022,44.3313,1,134,"1_8"
1,2017-02-14 11:39:57,13.4022,44.3313,1,134,"1_8"
1,2017-02-14 11:45:57,13.4038,44.33,1,131,"1_8"
1,2017-02-14 11:51:56,13.4055,44.3287,1,149,"1_8"
1,2017-02-14 11:54:55,13.4067,44.3272,1.1,136,"1_8"
1,2017-02-14 12:00:53,13.4077,44.3255,1.1,148,"1_8"
1,2017-02-14 12:06:54,13.4077,44.3255,1.1,148,"1_8"
1,2017-02-14 12:09:54,13.4085,44.3237,1.1,155,"1_8"
1,2017-02-14 12:15:53,13.4095,44.3222,1,152,"1_8"
1,2017-02-14 12:21:53,13.4108,44.3208,0.9,133,"1_8"
1,2017-02-14 12:24:52,13.4108,44.3208,0.9,133,"1_8"
1,2017-02-14 12:30:51,13.4125,44.319,1.1,136,"1_8"
1,2017-02-14 12:36:51,13.4208,44.3257,7,42,"1_8"
1,2017-02-14 12:39:50,13.4325,44.3382,9,40,"1_8"
1,2017-02-14 12:45:48,13.4325,44.3382,9,40,"1_8"
1,2017-02-14 12:51:50,13.4423,44.3517,9,36,"1_8"
1,2017-02-14 12:54:51,13.4415,44.3667,8.8,351,"1_8"
1,2017-02-14 13:00:50,13.4352,44.3823,9.7,342,"1_8"
1,2017-02-14 13:06:51,13.4308,44.3982,9.7,352,"1_8"
1,2017-02-14 13:09:51,13.4308,44.3982,9.7,352,"1_8"
1,2017-02-14 13:15:50,13.4258,44.42,9.8,343,"1_8"
1,2017-02-14 13:27:07,13.4267,44.4615,7.8,7,"1_8"
1,2017-02-14 13:30:36,13.4265,44.4688,7.7,4,"1_8"
1,2017-02-14 13:40:07,13.4163,44.4852,8.6,254,"1_8"
1,2017-02-14 13:47:07,13.4055,44.4977,7.6,327,"1_8"
1,2017-02-14 13:51:46,13.3983,44.506,7.6,336,"1_8"
1,2017-02-14 13:56:16,13.391,44.5142,7.8,325,"1_8"
1,2017-02-14 16:02:30,13.3807,44.5277,0,44,"1_8"
1,2017-02-14 16:04:11,13.3807,44.5275,0.1,193,"1_8"
1,2017-02-15 03:04:16,13.379,44.5258,1,144,"1_8"
1,2017-02-15 03:08:47,13.38,44.5247,1.1,149,"1_8"
1,2017-02-15 03:14:06,13.3813,44.5235,0.9,134,"1_8"
1,2017-02-15 03:19:16,13.3825,44.5223,0.9,133,"1_8"
1,2017-02-15 03:23:16,13.3835,44.5212,1,137,"1_8"
1,2017-02-15 03:28:56,13.385,44.5197,1.7,161,"1_8"
1,2017-02-15 03:34:36,13.3865,44.5183,1.2,142,"1_8"
1,2017-02-15 03:39:47,13.3878,44.517,1.2,146,"1_8"
1,2017-02-15 03:42:56,13.3887,44.5163,1.1,143,"1_8"
1,2017-02-15 03:49:16,13.3903,44.5148,1,139,"1_8"
1,2017-02-15 03:54:26,13.3917,44.5135,1,144,"1_8"
1,2017-02-15 03:59:17,13.3928,44.5122,1.1,140,"1_8"
1,2017-02-15 04:04:37,13.3943,44.5108,1.2,144,"1_8"
1,2017-02-15 04:09:17,13.3957,44.5097,1.1,144,"1_8"
1,2017-02-15 04:14:47,13.397,44.5082,1,137,"1_8"
1,2017-02-15 04:19:37,13.3982,44.507,1.2,148,"1_8"
1,2017-02-15 04:24:47,13.3992,44.5055,1,150,"1_8"
1,2017-02-15 04:29:57,13.4003,44.504,1,147,"1_8"
1,2017-02-15 04:34:46,13.4015,44.5027,1.1,144,"1_8"
1,2017-02-15 04:39:56,13.4028,44.5012,1.1,143,"1_8"
1,2017-02-15 04:44:57,13.404,44.4998,1.1,133,"1_8"
1,2017-02-15 04:49:36,13.405,44.4987,0.9,138,"1_8"
1,2017-02-15 04:54:56,13.4062,44.4973,1.2,156,"1_8"
1,2017-02-15 04:59:57,13.4073,44.496,1.1,157,"1_8"
1,2017-02-15 05:04:36,13.4083,44.4947,1,132,"1_8"
1,2017-02-15 05:09:27,13.4093,44.4933,1,138,"1_8"
1,2017-02-15 05:14:56,13.4105,44.4918,1,160,"1_8"
1,2017-02-15 05:19:17,13.4115,44.4908,1,154,"1_8"
1,2017-02-15 05:24:47,13.4127,44.4893,1,137,"1_8"
1,2017-02-15 05:30:06,13.4137,44.4882,0.9,131,"1_8"
1,2017-02-15 05:34:27,13.4145,44.4873,0.7,139,"1_8"
1,2017-02-15 05:37:27,13.415,44.4867,0.7,135,"1_8"
1,2017-02-15 05:44:46,13.4147,44.4883,5.5,13,"1_8"
1,2017-02-15 05:49:46,13.4222,44.484,4,160,"1_8"
1,2017-02-15 05:54:16,13.4222,44.4835,0.7,169,"1_8"
1,2017-02-15 06:00:07,13.423,44.4822,1.2,174,"1_8"
1,2017-02-15 06:05:07,13.4237,44.4808,1,138,"1_8"
1,2017-02-15 06:09:56,13.424,44.4797,0.7,153,"1_8"
1,2017-02-15 06:14:46,13.4245,44.4785,0.7,157,"1_8"
1,2017-02-15 06:19:57,13.4253,44.4772,0.9,139,"1_8"
1,2017-02-15 06:24:36,13.4255,44.4762,0.7,142,"1_8"
1,2017-02-15 06:29:46,13.4257,44.4748,0.7,169,"1_8"
1,2017-02-15 06:33:57,13.4258,44.4737,0.7,156,"1_8"
1,2017-02-15 06:40:06,13.4262,44.472,0.7,149,"1_8"
1,2017-02-15 06:44:56,13.4267,44.4707,0.9,171,"1_8"
1,2017-02-15 06:50:17,13.4267,44.4695,1,187,"1_8"
1,2017-02-15 06:55:17,13.4267,44.4682,0.7,170,"1_8"
1,2017-02-15 07:00:17,13.4267,44.4672,0.7,167,"1_8"
1,2017-02-15 07:05:07,13.4268,44.466,0.5,139,"1_8"
1,2017-02-15 07:08:56,13.4268,44.4648,1.2,181,"1_8"
1,2017-02-15 07:14:57,13.427,44.4633,0.7,166,"1_8"
1,2017-02-15 07:20:06,13.427,44.462,1,186,"1_8"
1,2017-02-15 07:25:06,13.4268,44.4607,1.1,203,"1_8"
1,2017-02-15 07:30:17,13.4267,44.4593,0.7,193,"1_8"
1,2017-02-15 07:31:17,13.4267,44.459,1,183,"1_8"
1,2017-02-15 07:40:07,13.4265,44.4567,1.3,189,"1_8"
1,2017-02-15 07:44:37,13.4267,44.4555,0.7,171,"1_8"
1,2017-02-15 07:50:07,13.4267,44.4543,0.7,161,"1_8"
1,2017-02-15 07:54:37,13.4265,44.4532,1,199,"1_8"
1,2017-02-15 07:59:16,13.4265,44.4523,0.7,167,"1_8"
1,2017-02-15 08:05:16,13.4262,44.451,1.2,204,"1_8"
1,2017-02-15 08:09:07,13.426,44.45,0.7,150,"1_8"
1,2017-02-15 08:15:07,13.4258,44.4483,0.7,175,"1_8"
1,2017-02-15 08:20:07,13.4257,44.447,0.7,164,"1_8"
1,2017-02-15 08:22:47,13.4255,44.4462,0.9,181,"1_8"
1,2017-02-15 08:29:06,13.4255,44.4445,1,194,"1_8"
1,2017-02-15 08:35:26,13.4262,44.4432,1.5,64,"1_8"
1,2017-02-15 08:39:36,13.4273,44.4385,5.2,191,"1_8"
1,2017-02-15 08:43:57,13.4255,44.4318,5.5,194,"1_8"
1,2017-02-15 08:50:16,13.4252,44.4292,1.4,28,"1_8"
1,2017-02-15 09:01:36,13.4255,44.4325,1.3,5,"1_8"
1,2017-02-15 09:10:37,13.4253,44.4358,1.5,11,"1_8"
1,2017-02-15 09:30:17,13.4257,44.4427,0.7,19,"1_8"
1,2017-02-15 09:35:27,13.4273,44.4428,1,110,"1_8"
1,2017-02-15 09:40:26,13.4293,44.4427,1.2,95,"1_8"
1,2017-02-15 09:45:36,13.4315,44.4425,0.9,101,"1_8"
1,2017-02-15 09:50:37,13.4285,44.4417,8.1,231,"1_8"
1,2017-02-15 09:55:27,13.4167,44.4322,9.7,224,"1_8"
1,2017-02-15 10:00:17,13.4043,44.4225,9.7,216,"1_8"
1,2017-02-15 10:04:56,13.3922,44.4133,9.8,224,"1_8"
1,2017-02-15 10:10:37,13.3777,44.4018,9.7,224,"1_8"
1,2017-02-15 10:14:37,13.3675,44.3938,9.7,224,"1_8"
1,2017-02-15 10:20:46,13.3515,44.3817,9.7,225,"1_8"
1,2017-02-15 10:24:57,13.3407,44.3737,9.7,227,"1_8"
1,2017-02-15 10:30:26,13.3255,44.3635,9.9,232,"1_8"
1,2017-02-15 10:35:16,13.3112,44.3548,9.9,232,"1_8"
1,2017-02-15 10:40:06,13.2978,44.3457,10,229,"1_8"
1,2017-02-15 10:45:17,13.2832,44.3358,9.8,224,"1_8"
1,2017-02-15 10:50:37,13.2678,44.326,9.9,225,"1_8"
1,2017-02-15 10:55:07,13.2553,44.3175,9.9,227,"1_8"
1,2017-02-15 10:59:17,13.2437,44.3095,9.8,227,"1_8"
1,2017-02-15 11:04:36,13.2297,44.2987,9.9,223,"1_8"
1,2017-02-15 11:07:56,13.2202,44.2927,9.9,227,"1_8"
1,2017-02-15 11:12:36,13.2068,44.2838,10,226,"1_8"
1,2017-02-15 11:45:18,13.134,44.2362,10.1,231,"1_8"
1,2017-02-15 11:48:18,13.1163,44.224,10.1,215,"1_8"
1,2017-02-15 11:54:15,13.0995,44.2123,10,232,"1_8"
1,2017-02-15 12:00:16,13.0868,44.1992,10.2,219,"1_8"
1,2017-02-15 12:03:18,13.0868,44.1992,10.2,219,"1_8"
1,2017-02-15 12:09:15,13.0695,44.1873,10.2,227,"1_8"
1,2017-02-15 12:15:17,13.0518,44.1755,10.1,230,"1_8"
1,2017-02-15 12:18:18,13.034,44.1645,10.1,229,"1_8"
1,2017-02-15 12:24:21,13.0155,44.1535,10.2,231,"1_8"
1,2017-02-15 12:30:21,12.9983,44.1418,10.2,218,"1_8"
1,2017-02-15 12:33:22,12.9983,44.1418,10.2,218,"1_8"
1,2017-02-15 12:39:22,12.9812,44.1303,10.2,217,"1_8"
1,2017-02-15 12:45:21,12.9633,44.1195,10.3,221,"1_8"
1,2017-02-15 12:48:19,12.9458,44.1073,10.1,229,"1_8"
1,2017-02-15 12:54:16,12.9287,44.0957,10.2,229,"1_8"
1,2017-02-15 13:00:12,12.9117,44.0837,10.2,230,"1_8"
1,2017-02-15 13:06:08,12.8947,44.0713,10.2,229,"1_8"
1,2017-02-15 13:09:07,12.8947,44.0713,10.2,229,"1_8"
1,2017-02-15 13:15:10,12.8783,44.0598,10.1,232,"1_8"
1,2017-02-15 13:21:11,12.8618,44.0463,10.3,212,"1_8"
1,2017-02-15 13:24:12,12.8432,44.0347,10.4,227,"1_8"
1,2017-02-15 13:30:12,12.8258,44.0225,10.4,228,"1_8"
1,2017-02-15 13:36:13,12.8078,44.011,10.1,224,"1_8"
1,2017-02-15 13:39:11,12.8078,44.011,10.1,224,"1_8"
1,2017-02-15 13:45:12,12.79,43.9997,10,225,"1_8"
1,2017-02-15 13:51:13,12.7722,43.988,10,212,"1_8"
1,2017-02-15 13:54:14,12.7553,43.9773,9.8,225.8,"1_8"
1,2017-02-15 14:00:15,12.7553,43.9773,9.8,225.8,"1_8"
1,2017-02-15 14:06:17,12.7504,43.9684,0,360,"1_8"
1,2017-02-15 14:09:17,12.7504,43.9684,0,360,"1_8"
1,2017-02-15 14:15:17,12.7504,43.9684,0,360,"1_8"
1,2017-02-16 10:45:54,12.751,43.9705,6.4,3,"1_9"
1,2017-02-16 10:51:51,12.7597,43.982,8.1,33,"1_9"
1,2017-02-16 10:57:49,12.7713,43.9947,10.1,34,"1_9"
1,2017-02-16 11:00:48,12.7857,44.0082,10.3,45,"1_9"
1,2017-02-16 11:06:54,12.7857,44.0082,10.3,45,"1_9"
1,2017-02-16 11:12:53,12.799,44.0227,10.3,38,"1_9"
1,2017-02-16 11:15:54,12.8132,44.0363,10.2,41,"1_9"
1,2017-02-16 11:21:54,12.827,44.0503,10.1,37,"1_9"
1,2017-02-16 11:27:53,12.8408,44.064,10.2,33,"1_9"
1,2017-02-16 11:33:48,12.854,44.078,10.1,34,"1_9"
1,2017-02-16 11:36:47,12.854,44.078,10.1,34,"1_9"
1,2017-02-16 11:42:43,12.8695,44.0908,10,30,"1_9"
1,2017-02-16 11:48:40,12.8825,44.105,10.1,35,"1_9"
1,2017-02-16 11:51:48,12.8965,44.1187,10.2,35,"1_9"
1,2017-02-16 11:57:56,12.912,44.1323,10.1,38,"1_9"
1,2017-02-16 12:00:59,12.912,44.1323,10.1,38,"1_9"
1,2017-02-16 12:07:04,12.9263,44.1457,10.1,38,"1_9"
1,2017-02-16 12:13:08,12.9412,44.1588,10.2,40,"1_9"
1,2017-02-16 12:16:07,12.9562,44.172,10.1,40,"1_9"
1,2017-02-16 12:22:06,12.97,44.1857,10,34,"1_9"
1,2017-02-16 12:28:04,12.9845,44.1995,10.1,31,"1_9"
1,2017-02-16 12:34:01,12.9988,44.2133,10.1,31,"1_9"
1,2017-02-16 12:36:58,12.9988,44.2133,10.1,31,"1_9"
1,2017-02-16 12:42:57,13.012,44.2278,10,37,"1_9"
1,2017-02-16 12:48:57,13.025,44.2418,10,29,"1_9"
1,2017-02-16 12:51:58,13.0378,44.2563,10,25,"1_9"
1,2017-02-16 12:57:58,13.0498,44.2713,10.1,32,"1_9"
1,2017-02-16 13:04:00,13.0617,44.2858,10.1,28,"1_9"
1,2017-02-16 13:07:00,13.0617,44.2858,10.1,28,"1_9"
1,2017-02-16 13:12:58,13.073,44.3013,10.2,32,"1_9"
1,2017-02-16 13:18:58,13.0843,44.317,10.1,26,"1_9"
1,2017-02-16 13:21:57,13.0955,44.3315,9.9,30,"1_9"
1,2017-02-16 13:27:58,13.1052,44.3477,10,24,"1_9"
1,2017-02-16 13:33:57,13.1162,44.3635,10.1,31,"1_9"
1,2017-02-16 13:36:56,13.1162,44.3635,10.1,31,"1_9"
1,2017-02-16 13:42:57,13.1267,44.3795,10,25,"1_9"
1,2017-02-16 13:48:55,13.1357,44.3948,10,16,"1_9"
1,2017-02-16 13:51:54,13.1357,44.3948,10,16,"1_9"
1,2017-02-16 13:57:55,13.1457,44.4112,10.1,29,"1_9"
1,2017-02-16 14:03:57,13.1523,44.4273,10,5,"1_9"
1,2017-02-16 14:06:57,13.1448,44.436,6.8,327,"1_9"
1,2017-02-16 14:09:57,13.1448,44.436,6.8,327,"1_9"
1,2017-02-16 14:23:37,13.1843,44.4648,10,43,"1_9"
1,2017-02-16 14:25:56,13.1907,44.4693,10,50,"1_9"
1,2017-02-16 14:33:07,13.212,44.4822,10,54,"1_9"
1,2017-02-16 14:35:57,13.2205,44.4872,10,50,"1_9"
1,2017-02-16 14:43:57,13.2452,44.5007,10,53,"1_9"
1,2017-02-16 14:49:17,13.2625,44.5087,10.1,66,"1_9"
1,2017-02-16 14:53:46,13.2772,44.5153,10,68,"1_9"
1,2017-02-16 14:59:17,13.2947,44.524,10,53,"1_9"
1,2017-02-16 15:04:17,13.31,44.5323,10.2,54,"1_9"
1,2017-02-16 15:08:26,13.3228,44.5392,10.2,70,"1_9"
1,2017-02-16 15:13:17,13.3395,44.545,10.1,65,"1_9"
1,2017-02-16 15:20:56,13.3547,44.5335,8.5,145,"1_9"
1,2017-02-16 15:27:17,13.3672,44.5213,8.5,144,"1_9"
1,2017-02-16 15:32:17,13.376,44.5115,8.5,149,"1_9"
1,2017-02-16 15:38:27,13.3797,44.5167,8.2,330,"1_9"
1,2017-02-16 15:44:16,13.3703,44.5282,8.3,328,"1_9"
1,2017-02-16 15:48:16,13.3638,44.5363,8.3,330,"1_9"
1,2017-02-16 15:53:27,13.3548,44.5463,8.3,323,"1_9"
1,2017-02-16 15:56:36,13.3483,44.5518,8.2,326,"1_9"
1,2017-02-16 16:00:56,13.3445,44.5555,8,136,"1_9"
1,2017-02-16 16:08:56,13.355,44.5485,0.5,93,"1_9"
1,2017-02-16 16:14:27,13.356,44.5485,0.2,84,"1_9"
1,2017-02-16 16:18:47,13.3567,44.5485,0.3,80,"1_9"
1,2017-02-16 16:24:17,13.3575,44.5487,0.3,66,"1_9"
1,2017-02-16 16:29:17,13.3582,44.5488,0.2,67,"1_9"
1,2017-02-16 16:32:17,13.3587,44.549,0.3,64,"1_9"
1,2017-02-16 16:37:37,13.3593,44.5492,0.2,67,"1_9"
1,2017-02-16 16:42:16,13.36,44.5493,0.2,64,"1_9"
1,2017-02-16 16:49:27,13.3608,44.5495,0.2,70,"1_9"
1,2017-02-16 16:54:16,13.3615,44.5497,0.2,78,"1_9"
1,2017-02-16 16:59:37,13.3622,44.5497,0.2,78,"1_9"
1,2017-02-16 17:09:17,13.3633,44.5498,0.2,66,"1_9"
1,2017-02-16 17:19:36,13.3643,44.5503,0.2,34,"1_9"
1,2017-02-16 17:23:17,13.3645,44.5507,0.2,29,"1_9"
1,2017-02-16 17:25:36,13.3648,44.5508,1.3,86,"1_9"
1,2017-02-16 18:03:24,13.38,44.5281,0.2,70,"1_9"
1,2017-02-16 18:09:23,13.38,44.5281,0.2,70,"1_9"
1,2017-02-16 18:12:25,13.38,44.5281,0.2,70,"1_9"
1,2017-02-16 18:18:28,13.38,44.5281,0.2,70,"1_9"
1,2017-02-16 18:21:28,13.38,44.5281,0.2,70,"1_9"
1,2017-02-16 20:03:26,13.3806,44.5281,0.2,126,"1_9"
1,2017-02-16 20:09:26,13.3806,44.5281,0.2,126,"1_9"
1,2017-02-16 20:12:26,13.3806,44.5281,0.2,126,"1_9"
1,2017-02-16 20:18:26,13.3806,44.5281,0.2,126,"1_9"
1,2017-02-16 21:49:12,13.38,44.5272,0.2,140,"1_9"
1,2017-02-16 21:55:11,13.38,44.5272,0.2,140,"1_9"
1,2017-02-16 21:58:11,13.38,44.5272,0.2,140,"1_9"
1,2017-02-16 22:04:12,13.38,44.5272,0.2,140,"1_9"
1,2017-02-16 22:10:10,13.38,44.5272,0.2,140,"1_9"
1,2017-02-16 23:45:21,13.38,44.5272,0.2,348,"1_9"
1,2017-02-16 23:48:22,13.38,44.5272,0.2,348,"1_9"
1,2017-02-16 23:54:22,13.38,44.5272,0.2,348,"1_9"
1,2017-02-17 00:00:22,13.38,44.5272,0.2,348,"1_9"
1,2017-02-17 00:03:22,13.38,44.5272,0.2,348,"1_9"
1,2017-02-17 00:06:22,13.38,44.5272,0.2,348,"1_9"
1,2017-02-17 01:10:31,13.38,44.5238,5.7,178,"1_9"
1,2017-02-17 01:15:11,13.3777,44.5163,6,193,"1_9"
1,2017-02-17 01:18:59,13.3787,44.51,5.8,165,"1_9"
1,2017-02-17 01:24:50,13.379,44.5085,0.5,5,"1_9"
1,2017-02-17 01:28:21,13.3785,44.5093,1.1,326,"1_9"
1,2017-02-17 01:31:40,13.3775,44.5102,1.2,323,"1_9"
1,2017-02-17 01:38:51,13.3757,44.5122,1.1,333,"1_9"
1,2017-02-17 01:45:10,13.3738,44.5138,1.2,326,"1_9"
1,2017-02-17 01:49:39,13.3727,44.5152,1.2,324,"1_9"
1,2017-02-17 01:55:30,13.3712,44.5168,1.3,325,"1_9"
1,2017-02-17 02:00:30,13.3698,44.5182,1.4,331,"1_9"
1,2017-02-17 02:05:30,13.3685,44.5197,1.1,328,"1_9"
1,2017-02-17 02:09:41,13.3675,44.5208,0.9,327,"1_9"
1,2017-02-17 02:13:21,13.3665,44.5218,0.7,315,"1_9"
1,2017-02-17 02:20:40,13.3645,44.524,1.1,330,"1_9"
1,2017-02-17 02:25:50,13.363,44.5253,1,324,"1_9"
1,2017-02-17 02:26:30,13.3628,44.5255,1.2,330,"1_9"
1,2017-02-17 02:34:49,13.3605,44.5277,0.7,312,"1_9"
1,2017-02-17 02:40:51,13.3588,44.5293,1.1,321,"1_9"
1,2017-02-17 02:42:10,13.3585,44.5297,1.2,330,"1_9"
1,2017-02-17 02:49:21,13.3565,44.5317,1.1,325,"1_9"
1,2017-02-17 02:54:41,13.355,44.533,1,320,"1_9"
1,2017-02-17 03:00:49,13.3532,44.5347,1.1,321,"1_9"
1,2017-02-17 03:04:50,13.3523,44.5358,1.5,337,"1_9"
1,2017-02-17 03:10:50,13.3505,44.5373,0.7,307,"1_9"
1,2017-02-17 03:13:50,13.3498,44.538,0.7,273,"1_9"
1,2017-02-17 03:20:10,13.3483,44.5397,1.2,321,"1_9"
1,2017-02-17 03:25:50,13.347,44.5412,1,322,"1_9"
1,2017-02-17 03:30:29,13.3457,44.5423,0.9,315,"1_9"
1,2017-02-17 03:33:29,13.345,44.5432,0.9,325,"1_9"
1,2017-02-17 03:40:40,13.343,44.5447,0.3,269,"1_9"
1,2017-02-17 03:44:31,13.3423,44.5423,5.7,169,"1_9"
1,2017-02-17 03:50:00,13.351,44.5357,5.9,136,"1_9"
1,2017-02-17 03:52:30,13.3553,44.5328,5.9,136,"1_9"
1,2017-02-17 04:04:41,13.376,44.5192,5.9,143,"1_9"
1,2017-02-17 04:10:31,13.3812,44.515,3.8,229,"1_9"
1,2017-02-17 04:16:00,13.3807,44.5157,1.1,332,"1_9"
1,2017-02-17 04:20:20,13.3797,44.517,1.1,334,"1_9"
1,2017-02-17 04:25:31,13.3783,44.5187,1.2,335,"1_9"
1,2017-02-17 04:31:01,13.377,44.5203,1.2,326,"1_9"
1,2017-02-17 04:34:40,13.376,44.5213,1.2,333,"1_9"
1,2017-02-17 04:40:11,13.3747,44.5232,1.3,329,"1_9"
1,2017-02-17 04:44:51,13.3735,44.5247,1.4,345,"1_9"
1,2017-02-17 04:48:01,13.3725,44.5257,1.2,337,"1_9"
1,2017-02-17 04:53:50,13.371,44.5275,1.2,347,"1_9"
1,2017-02-17 05:00:50,13.369,44.5297,1.3,333,"1_9"
1,2017-02-17 05:06:10,13.3678,44.5313,1.4,329,"1_9"
1,2017-02-17 05:11:11,13.3665,44.533,1.4,327,"1_9"
1,2017-02-17 05:16:10,13.3652,44.5347,1.5,335,"1_9"
1,2017-02-17 05:20:31,13.364,44.5362,1.3,341,"1_9"
1,2017-02-17 05:26:11,13.3622,44.538,1.1,319,"1_9"
1,2017-02-17 05:30:39,13.3608,44.5395,1.3,327,"1_9"
1,2017-02-17 05:36:10,13.3592,44.5413,1.5,332,"1_9"
1,2017-02-17 05:41:11,13.3577,44.543,1.4,322,"1_9"
1,2017-02-17 05:45:30,13.3563,44.5443,1.5,341,"1_9"
1,2017-02-17 05:51:11,13.3547,44.546,1.3,321,"1_9"
1,2017-02-17 05:56:00,13.3532,44.5475,1.5,325,"1_9"
1,2017-02-17 06:00:09,13.3517,44.5487,1.3,318,"1_9"
1,2017-02-17 06:04:50,13.3503,44.55,1.3,325,"1_9"
1,2017-02-17 06:10:50,13.3485,44.5518,1.4,323,"1_9"
1,2017-02-17 06:15:40,13.3468,44.5532,1.2,313,"1_9"
1,2017-02-17 06:21:21,13.3445,44.5545,1.3,301,"1_9"
1,2017-02-17 06:25:49,13.3425,44.5555,1.2,316,"1_9"
1,2017-02-17 06:31:11,13.339,44.5528,5.9,215,"1_9"
1,2017-02-17 06:36:21,13.3228,44.5458,10.1,242,"1_9"
1,2017-02-17 06:39:49,13.3115,44.5403,10.1,232,"1_9"
1,2017-02-17 06:46:11,13.2912,44.5302,10,232,"1_9"
1,2017-02-17 06:51:21,13.276,44.5208,10,236,"1_9"
1,2017-02-17 06:56:21,13.2598,44.5132,10,233,"1_9"
1,2017-02-17 07:01:10,13.2443,44.5055,10,234,"1_9"
1,2017-02-17 07:06:30,13.2273,44.497,10,243,"1_9"
1,2017-02-17 07:11:01,13.2127,44.49,10,241,"1_9"
1,2017-02-17 07:15:41,13.1973,44.4832,10.1,238,"1_9"
1,2017-02-17 07:21:30,13.18,44.4727,10.1,222,"1_9"
1,2017-02-17 07:26:39,13.1645,44.4635,9.9,225,"1_9"
1,2017-02-17 07:31:20,13.1502,44.4553,10,234,"1_9"
1,2017-02-17 07:36:40,13.1387,44.4487,2.5,210,"1_9"
1,2017-02-17 07:37:40,13.1388,44.4487,0,127,"1_9"
1,2017-02-17 07:46:30,13.1397,44.4453,1.6,181,"1_9"
1,2017-02-17 07:48:41,13.14,44.4445,1.3,173,"1_9"
1,2017-02-17 07:54:10,13.1412,44.4425,1.3,153,"1_9"
1,2017-02-17 08:05:49,13.144,44.4383,1.1,170,"1_9"
1,2017-02-17 08:10:49,13.1448,44.4365,1.1,178,"1_9"
1,2017-02-17 08:14:10,13.1458,44.4353,1.4,131,"1_9"
1,2017-02-17 08:18:10,13.1468,44.434,0.7,151,"1_9"
1,2017-02-17 08:25:51,13.1487,44.4313,0.9,171,"1_9"
1,2017-02-17 08:41:30,13.1517,44.4293,5.1,264,"1_9"
1,2017-02-17 08:46:20,13.1463,44.4228,5.8,196,"1_9"
1,2017-02-17 08:51:09,13.1397,44.4168,5.8,226,"1_9"
1,2017-02-17 08:56:40,13.1328,44.4092,5.9,215,"1_9"
1,2017-02-17 09:00:10,13.1283,44.4045,5.8,205,"1_9"
1,2017-02-17 09:05:31,13.1178,44.3923,10,218,"1_9"
1,2017-02-17 09:11:31,13.1042,44.3787,10.1,209,"1_9"
1,2017-02-17 09:16:51,13.0932,44.3658,10.1,204,"1_9"
1,2017-02-17 09:21:40,13.081,44.3555,10.1,219,"1_9"
1,2017-02-17 09:50:40,13.014,44.2972,9.8,266,"1_9"
1,2017-02-17 10:26:51,12.9452,44.2185,10.1,216,"1_9"
1,2017-02-17 10:29:51,12.9452,44.2185,10.1,216,"1_9"
1,2017-02-17 10:35:50,12.9315,44.2048,10.1,212,"1_9"
1,2017-02-17 10:41:52,12.9175,44.191,10.2,217,"1_9"
1,2017-02-17 10:44:52,12.9027,44.1777,10.2,212,"1_9"
1,2017-02-17 10:50:53,12.89,44.1628,10.1,218,"1_9"
1,2017-02-17 10:56:54,12.877,44.1495,10.1,219,"1_9"
1,2017-02-17 10:59:54,12.877,44.1495,10.1,219,"1_9"
1,2017-02-17 11:05:52,12.865,44.135,10.1,212,"1_9"
1,2017-02-17 11:11:51,12.8523,44.1205,10.4,211,"1_9"
1,2017-02-17 11:14:51,12.8423,44.1043,10.3,205,"1_9"
1,2017-02-17 11:20:50,12.8302,44.0892,10.3,211,"1_9"
1,2017-02-17 11:26:48,12.8185,44.074,10.3,203,"1_9"
1,2017-02-17 11:29:48,12.8185,44.074,10.3,203,"1_9"
1,2017-02-17 11:35:47,12.8072,44.0583,10.4,207,"1_9"
1,2017-02-17 11:41:47,12.7955,44.0432,10.4,201,"1_9"
1,2017-02-17 11:44:47,12.7955,44.0432,10.4,201,"1_9"
1,2017-02-17 11:50:47,12.7855,44.0277,10.3,200,"1_9"
1,2017-02-17 11:56:47,12.7668,43.9957,10.3,200,"1_9"
1,2017-02-17 11:59:47,12.7668,43.9957,10.3,200,"1_9"
1,2017-02-17 12:05:48,12.7567,43.9794,10.1,213,"1_9"
1,2017-02-17 12:11:48,12.7492,43.9686,1.9,255.8,"1_9"
1,2017-02-17 12:14:48,12.7492,43.9686,1.9,255.8,"1_9"
1,2017-02-17 12:20:49,12.7492,43.9686,1.9,255.8,"1_9"
1,2017-02-19 13:36:53,12.7488,43.9683,0,210,"1_10"
1,2017-02-19 13:42:53,12.7523,43.9737,7.3,25,"1_10"
1,2017-02-19 13:48:53,12.7628,43.9852,9.7,41,"1_10"
1,2017-02-19 13:51:53,12.7628,43.9852,9.7,41,"1_10"
1,2017-02-19 13:57:53,12.7775,43.998,9.7,34,"1_10"
1,2017-02-19 14:03:52,12.792,44.0103,9.8,43,"1_10"
1,2017-02-19 14:06:52,12.8072,44.0233,9.9,45,"1_10"
1,2017-02-19 14:12:53,12.8225,44.0365,10.1,42,"1_10"
1,2017-02-19 14:18:52,12.839,44.0482,10,48,"1_10"
1,2017-02-19 14:21:52,12.839,44.0482,10,48,"1_10"
1,2017-02-19 14:27:52,12.8557,44.0598,10.2,47,"1_10"
1,2017-02-19 14:33:52,12.872,44.072,10.1,35,"1_10"
1,2017-02-19 14:36:53,12.887,44.0853,10.2,31,"1_10"
1,2017-02-19 14:42:52,12.903,44.098,10.2,42,"1_10"
1,2017-02-19 14:48:52,12.9183,44.1107,10.1,40,"1_10"
1,2017-02-19 14:51:52,12.9183,44.1107,10.1,40,"1_10"
1,2017-02-19 14:57:52,12.935,44.1233,10.2,30,"1_10"
1,2017-02-19 15:03:53,12.9417,44.1393,10.2,33,"1_10"
1,2017-02-19 15:06:52,12.956,44.1533,10.1,40,"1_10"
1,2017-02-19 15:12:53,12.9728,44.1657,10.1,42,"1_10"
1,2017-02-19 15:18:52,12.9915,44.1762,10.2,54,"1_10"
1,2017-02-19 15:21:52,12.9915,44.1762,10.2,54,"1_10"
1,2017-02-19 15:27:52,13.0097,44.188,10.2,46,"1_10"
1,2017-02-19 15:33:53,13.0272,44.1997,10.1,49,"1_10"
1,2017-02-19 15:39:52,13.0448,44.2108,10.2,45,"1_10"
1,2017-02-19 15:42:52,13.0448,44.2108,10.2,45,"1_10"
1,2017-02-19 15:48:53,13.063,44.222,10.2,51,"1_10"
1,2017-02-19 16:24:51,13.1812,44.284,10.4,56,"1_10"
1,2017-02-19 16:27:51,13.2015,44.294,10.4,59,"1_10"
1,2017-02-19 16:33:51,13.2208,44.3045,10.5,45,"1_10"
1,2017-02-19 16:39:51,13.241,44.314,10.4,57,"1_10"
1,2017-02-19 16:42:51,13.241,44.314,10.4,57,"1_10"
1,2017-02-19 16:48:51,13.263,44.3228,10.3,65,"1_10"
1,2017-02-19 16:54:52,13.2848,44.33,10.3,67,"1_10"
1,2017-02-19 16:57:51,13.3068,44.3367,10.2,66,"1_10"
1,2017-02-19 17:03:50,13.3287,44.3433,10.3,63,"1_10"
1,2017-02-19 17:09:50,13.3505,44.3507,10.4,71,"1_10"
1,2017-02-19 17:12:50,13.3505,44.3507,10.4,71,"1_10"
1,2017-02-19 17:19:10,13.3955,44.3685,10.4,54,"1_10"
1,2017-02-19 17:24:20,13.4098,44.3795,10.5,41,"1_10"
1,2017-02-19 17:29:49,13.4258,44.3907,10.5,30,"1_10"
1,2017-02-19 17:34:10,13.4377,44.4002,10.5,42,"1_10"
1,2017-02-19 17:39:59,13.4532,44.413,10.5,41,"1_10"
1,2017-02-19 17:45:01,13.4657,44.4247,10.5,38,"1_10"
1,2017-02-19 17:50:10,13.4787,44.4365,10.6,40,"1_10"
1,2017-02-19 17:54:20,13.4877,44.4433,6.4,135,"1_10"
1,2017-02-19 18:00:11,13.4978,44.4348,7.7,135,"1_10"
1,2017-02-19 18:04:11,13.506,44.4283,8,141,"1_10"
1,2017-02-19 18:08:40,13.5147,44.4205,7.9,143,"1_10"
1,2017-02-19 18:14:49,13.5277,44.414,8.4,41,"1_10"
1,2017-02-19 18:15:41,13.5297,44.4155,8.5,46,"1_10"
1,2017-02-19 18:28:19,13.5122,44.4372,8.5,315,"1_10"
1,2017-02-19 18:32:50,13.5032,44.4455,8.4,325,"1_10"
1,2017-02-19 18:39:30,13.5103,44.4537,5.7,101,"1_10"
1,2017-02-19 18:42:30,13.5173,44.4495,8.7,145,"1_10"
1,2017-02-19 18:53:10,13.5437,44.4317,8.8,132,"1_10"
1,2017-02-19 18:59:01,13.5467,44.4263,8.2,298,"1_10"
1,2017-02-19 21:00:05,13.48,44.4467,0,334,"1_10"
1,2017-02-19 21:03:06,13.48,44.4467,0,334,"1_10"
1,2017-02-19 21:09:05,13.48,44.4467,0,334,"1_10"
1,2017-02-19 21:15:05,13.48,44.4467,0,334,"1_10"
1,2017-02-19 21:18:05,13.48,44.4467,0,334,"1_10"
1,2017-02-19 22:48:33,13.48,44.4467,0,38,"1_10"
1,2017-02-19 22:54:33,13.48,44.4467,0,38,"1_10"
1,2017-02-19 23:00:34,13.48,44.4467,0,38,"1_10"
1,2017-02-19 23:03:35,13.48,44.4467,0,38,"1_10"
1,2017-02-19 23:09:34,13.48,44.4467,0,38,"1_10"
1,2017-02-20 00:45:07,13.48,44.4467,0,138,"1_10"
1,2017-02-20 00:51:06,13.48,44.4467,0,138,"1_10"
1,2017-02-20 00:54:07,13.48,44.4467,0,138,"1_10"
1,2017-02-20 01:00:07,13.48,44.4467,0,138,"1_10"
1,2017-02-20 01:06:06,13.48,44.4467,0,138,"1_10"
1,2017-02-20 02:00:37,13.4803,44.4465,0.3,135,"1_10"
1,2017-02-20 02:02:57,13.4805,44.4462,1.3,197,"1_10"
1,2017-02-20 02:34:30,13.4893,44.441,0.9,148,"1_10"
1,2017-02-20 02:40:30,13.491,44.4397,0.9,147,"1_10"
1,2017-02-20 02:46:30,13.4923,44.4383,0.9,169,"1_10"
1,2017-02-20 02:49:31,13.494,44.437,1.1,136,"1_10"
1,2017-02-20 02:55:31,13.4957,44.4357,0.7,127,"1_10"
1,2017-02-20 03:01:31,13.4973,44.4343,1,125,"1_10"
1,2017-02-20 03:04:31,13.4973,44.4343,1,125,"1_10"
1,2017-02-20 03:10:31,13.4988,44.4332,0.7,137,"1_10"
1,2017-02-20 03:16:31,13.5002,44.4317,0.9,152,"1_10"
1,2017-02-20 03:19:31,13.5018,44.4305,0.9,144,"1_10"
1,2017-02-20 03:25:31,13.5033,44.4292,0.5,144,"1_10"
1,2017-02-20 03:31:32,13.5048,44.4278,1.3,136,"1_10"
1,2017-02-20 03:34:32,13.5048,44.4278,1.3,136,"1_10"
1,2017-02-20 03:40:33,13.5063,44.4267,1,152,"1_10"
1,2017-02-20 03:46:33,13.5078,44.4252,0.7,154,"1_10"
1,2017-02-20 03:49:33,13.5095,44.4238,0.7,145,"1_10"
1,2017-02-20 03:55:33,13.511,44.4227,0.5,143,"1_10"
1,2017-02-20 04:01:33,13.5127,44.4215,0.7,130,"1_10"
1,2017-02-20 04:04:34,13.5127,44.4215,0.7,130,"1_10"
1,2017-02-20 04:10:33,13.5143,44.42,0.9,140,"1_10"
1,2017-02-20 04:16:33,13.5157,44.4187,1,128,"1_10"
1,2017-02-20 04:19:33,13.5172,44.4173,1,120,"1_10"
1,2017-02-20 04:25:34,13.5185,44.416,0.9,142,"1_10"
1,2017-02-20 04:31:33,13.52,44.4147,0.7,127,"1_10"
1,2017-02-20 04:34:34,13.52,44.4147,0.7,127,"1_10"
1,2017-02-20 04:40:33,13.5215,44.4133,1.2,127,"1_10"
1,2017-02-20 04:46:34,13.521,44.4142,5.9,336,"1_10"
1,2017-02-20 04:49:35,13.5162,44.4235,6,345,"1_10"
1,2017-02-20 04:55:35,13.5105,44.4332,6,340,"1_10"
1,2017-02-20 05:01:36,13.5105,44.4332,6,340,"1_10"
1,2017-02-20 05:04:36,13.5027,44.4435,6.2,322,"1_10"
1,2017-02-20 05:10:35,13.4993,44.4488,0.3,136,"1_10"
1,2017-02-20 05:16:35,13.4993,44.4488,0.3,136,"1_10"
1,2017-02-20 05:19:36,13.4993,44.4488,0.3,136,"1_10"
1,2017-02-20 05:25:36,13.4993,44.4488,0.3,136,"1_10"
1,2017-02-20 05:28:36,13.4993,44.4488,0.3,136,"1_10"
1,2017-02-20 05:40:34,13.5063,44.4415,0.7,136,"1_10"
1,2017-02-20 05:46:34,13.5063,44.4415,0.7,136,"1_10"
1,2017-02-20 05:49:34,13.5063,44.4415,0.7,136,"1_10"
1,2017-02-20 05:55:34,13.5063,44.4415,0.7,136,"1_10"
1,2017-02-20 05:58:34,13.5063,44.4415,0.7,136,"1_10"
1,2017-02-20 06:04:34,13.5147,44.4343,1.5,124,"1_10"
1,2017-02-20 06:10:34,13.5147,44.4343,1.5,124,"1_10"
1,2017-02-20 06:16:34,13.5175,44.4318,1.1,126,"1_10"
1,2017-02-20 06:19:34,13.5175,44.4318,1.1,126,"1_10"
1,2017-02-20 06:25:35,13.5197,44.4303,0.9,118,"1_10"
1,2017-02-20 06:31:34,13.5215,44.4282,1,127,"1_10"
1,2017-02-20 06:34:35,13.5215,44.4282,1,127,"1_10"
1,2017-02-20 06:40:34,13.5252,44.4253,1.1,134,"1_10"
1,2017-02-20 06:46:35,13.5273,44.4235,1,151,"1_10"
1,2017-02-20 06:49:35,13.5273,44.4235,1,151,"1_10"
1,2017-02-20 06:55:35,13.5297,44.4217,1.4,129,"1_10"
1,2017-02-20 07:01:37,13.5297,44.4217,1.4,129,"1_10"
1,2017-02-20 07:04:36,13.5318,44.4197,1,136,"1_10"
1,2017-02-20 07:11:17,13.543,44.4238,5.8,50,"1_10"
1,2017-02-20 07:16:07,13.55,44.4262,0.9,347,"1_10"
1,2017-02-20 07:19:39,13.5493,44.4272,1.1,330,"1_10"
1,2017-02-20 07:55:37,13.5412,44.4333,1.1,317,"1_10"
1,2017-02-20 08:01:40,13.5382,44.4357,1,312,"1_10"
1,2017-02-20 08:04:37,13.5382,44.4357,1,312,"1_10"
1,2017-02-20 08:10:36,13.5382,44.4357,1,312,"1_10"
1,2017-02-20 08:13:36,13.5382,44.4357,1,312,"1_10"
1,2017-02-20 08:17:58,13.5297,44.4415,1,331,"1_10"
1,2017-02-20 08:35:38,13.5237,44.4458,1.3,321,"1_10"
1,2017-02-20 08:42:18,13.5215,44.4473,1.5,308,"1_10"
1,2017-02-20 08:46:27,13.52,44.4482,1.1,297,"1_10"
1,2017-02-20 08:47:38,13.5197,44.4485,1.3,314,"1_10"
1,2017-02-20 08:57:17,13.5163,44.4502,0.9,312,"1_10"
1,2017-02-20 08:58:58,13.5158,44.4505,1.5,313,"1_10"
1,2017-02-20 09:05:19,13.5135,44.4517,0.7,286,"1_10"
1,2017-02-20 09:16:18,13.5103,44.4525,0.3,245,"1_10"
1,2017-02-20 09:49:38,13.4797,44.4692,6.1,311,"1_10"
1,2017-02-20 10:02:09,13.413,44.5077,9.1,309,"1_10"
1,2017-02-20 10:06:57,13.3988,44.5142,9.1,281,"1_10"
1,2017-02-20 10:12:37,13.3848,44.5233,7.6,312,"1_10"
1,2017-02-20 10:27:18,13.354,44.5462,8.2,328,"1_10"
1,2017-02-20 10:31:58,13.3423,44.5467,8.4,216,"1_10"
1,2017-02-20 10:37:18,13.3495,44.5377,8.1,130,"1_10"
1,2017-02-20 10:39:38,13.3548,44.534,8.2,129,"1_10"
1,2017-02-20 10:44:17,13.3647,44.5258,8.4,147,"1_10"
1,2017-02-20 10:52:38,13.3735,44.5118,8.7,242,"1_10"
1,2017-02-20 10:54:27,13.3683,44.5093,8.7,232,"1_10"
1,2017-02-20 10:59:57,13.3553,44.5153,8.6,310,"1_10"
1,2017-02-20 11:04:08,13.3453,44.5227,8.9,310,"1_10"
1,2017-02-20 11:14:07,13.3238,44.5403,4.3,13,"1_10"
1,2017-02-20 11:19:57,13.3262,44.54,0.1,249,"1_10"
1,2017-02-20 11:25:18,13.3253,44.5398,0.3,264,"1_10"
1,2017-02-20 11:28:39,13.3247,44.5398,0.3,263,"1_10"
1,2017-02-20 11:37:49,13.3227,44.54,0.5,273,"1_10"
1,2017-02-20 11:42:38,13.3215,44.5402,0.5,279,"1_10"
1,2017-02-20 11:45:47,13.3207,44.5402,0.5,280,"1_10"
1,2017-02-20 11:52:38,13.3192,44.5405,0.5,281,"1_10"
1,2017-02-20 11:57:28,13.318,44.5407,0.5,286,"1_10"
1,2017-02-20 12:02:27,13.317,44.5408,0.5,279,"1_10"
1,2017-02-20 12:07:48,13.316,44.541,0.3,276,"1_10"
1,2017-02-20 12:11:48,13.3153,44.541,0.3,272,"1_10"
1,2017-02-20 12:17:58,13.3143,44.5412,0.2,263,"1_10"
1,2017-02-20 12:22:38,13.3137,44.5412,0.2,261,"1_10"
1,2017-02-20 12:27:08,13.313,44.541,0.2,257,"1_10"
1,2017-02-20 12:32:37,13.3123,44.541,0.1,258,"1_10"
1,2017-02-20 12:37:58,13.3118,44.541,0.1,260,"1_10"
1,2017-02-20 12:42:58,13.3113,44.541,0,270,"1_10"
1,2017-02-20 12:47:37,13.3112,44.5408,0,255,"1_10"
1,2017-02-20 12:52:58,13.3107,44.5407,0.1,267,"1_10"
1,2017-02-20 12:57:17,13.3105,44.5407,0,254,"1_10"
1,2017-02-20 13:03:08,13.3102,44.5405,0,233,"1_10"
1,2017-02-20 13:08:08,13.31,44.5405,0,286,"1_10"
1,2017-02-20 13:12:08,13.3098,44.5405,0,322,"1_10"
1,2017-02-20 13:17:57,13.31,44.5408,0.1,17,"1_10"
1,2017-02-20 13:22:38,13.31,44.5412,0.2,7,"1_10"
1,2017-02-20 13:27:47,13.3102,44.5418,0.3,5,"1_10"
1,2017-02-20 13:31:38,13.3103,44.5422,0.3,7,"1_10"
1,2017-02-20 13:36:38,13.3103,44.5428,0.3,3,"1_10"
1,2017-02-20 13:42:07,13.3105,44.5435,0.3,6,"1_10"
1,2017-02-20 13:49:17,13.3107,44.5443,0.3,11,"1_10"
1,2017-02-20 13:57:17,13.3107,44.5453,0.5,5,"1_10"
1,2017-02-20 13:59:58,13.3107,44.5457,0.5,1,"1_10"
1,2017-02-20 14:06:48,13.3107,44.5465,0.3,2,"1_10"
1,2017-02-20 14:13:18,13.3108,44.5473,0.3,359,"1_10"
1,2017-02-20 14:18:18,13.3108,44.5478,0.3,359,"1_10"
1,2017-02-20 14:21:17,13.3108,44.5482,0.3,351,"1_10"
1,2017-02-20 14:28:17,13.3107,44.5492,0.3,349,"1_10"
1,2017-02-20 14:31:57,13.3105,44.5495,0.3,351,"1_10"
1,2017-02-20 14:37:37,13.3103,44.5502,0.3,345,"1_10"
1,2017-02-20 14:43:18,13.3102,44.551,0.3,351,"1_10"
1,2017-02-20 14:53:18,13.3098,44.552,0.2,352,"1_10"
1,2017-02-20 14:58:17,13.3098,44.5525,0.2,349,"1_10"
1,2017-02-20 15:03:17,13.3097,44.553,0.1,346,"1_10"
1,2017-02-20 15:08:17,13.3095,44.5533,0.1,345,"1_10"
1,2017-02-20 15:11:57,13.3093,44.5535,0.1,340,"1_10"
1,2017-02-20 15:18:18,13.3092,44.554,0.1,337,"1_10"
1,2017-02-20 15:21:57,13.309,44.5543,0.1,331,"1_10"
1,2017-02-20 15:28:28,13.3088,44.5547,0,341,"1_10"
1,2017-02-20 15:32:58,13.3087,44.5548,0,338,"1_10"
1,2017-02-20 15:36:38,13.3085,44.5552,0.1,342,"1_10"
1,2017-02-20 15:43:18,13.3083,44.5555,0.2,335,"1_10"
1,2017-02-20 15:47:17,13.308,44.5557,0,325,"1_10"
1,2017-02-20 15:52:58,13.3078,44.5558,0.1,349,"1_10"
1,2017-02-20 15:56:38,13.3078,44.556,0.1,352,"1_10"
1,2017-02-20 16:03:38,13.3077,44.5563,0.1,345,"1_10"
1,2017-02-20 16:08:38,13.3075,44.5567,0.1,343,"1_10"
1,2017-02-20 16:13:08,13.3073,44.557,0.1,345,"1_10"
1,2017-02-20 16:18:37,13.3072,44.5572,0,341,"1_10"
1,2017-02-20 16:23:18,13.307,44.5573,0.1,336,"1_10"
1,2017-02-20 16:28:38,13.3068,44.5575,0,328,"1_10"
1,2017-02-20 16:32:38,13.3062,44.5572,4,222,"1_10"
1,2017-02-20 16:37:19,13.3178,44.5517,8.2,131,"1_10"
1,2017-02-20 16:45:58,13.3417,44.5412,8.4,120,"1_10"
1,2017-02-20 19:59:10,13.38,44.5281,0,46,"1_10"
1,2017-02-20 20:02:11,13.38,44.5281,0,46,"1_10"
1,2017-02-20 20:08:11,13.38,44.5281,0,46,"1_10"
1,2017-02-20 20:14:11,13.38,44.5281,0,46,"1_10"
1,2017-02-20 20:17:10,13.38,44.5281,0,46,"1_10"
1,2017-02-20 21:53:15,13.3806,44.5272,0.2,58,"1_10"
1,2017-02-20 21:59:14,13.3806,44.5272,0.2,58,"1_10"
1,2017-02-20 22:02:14,13.3806,44.5272,0.2,58,"1_10"
1,2017-02-20 22:08:15,13.3806,44.5272,0.2,58,"1_10"
1,2017-02-20 22:14:15,13.3806,44.5272,0.2,58,"1_10"
1,2017-02-20 23:42:51,13.3806,44.5272,0,70,"1_10"
1,2017-02-20 23:48:51,13.3806,44.5272,0,70,"1_10"
1,2017-02-20 23:51:50,13.3806,44.5272,0,70,"1_10"
1,2017-02-20 23:57:50,13.3806,44.5272,0,70,"1_10"
1,2017-02-21 00:03:51,13.3806,44.5272,0,70,"1_10"
1,2017-02-21 00:44:19,13.364,44.5382,8.4,315,"1_10"
1,2017-02-21 00:49:48,13.3528,44.5465,6.3,306,"1_10"
1,2017-02-21 00:54:19,13.3497,44.5483,0.1,253,"1_10"
1,2017-02-21 00:59:39,13.3507,44.5472,0.9,134,"1_10"
1,2017-02-21 01:03:48,13.352,44.5463,1.2,135,"1_10"
1,2017-02-21 01:09:29,13.3535,44.5452,1,135,"1_10"
1,2017-02-21 01:14:49,13.355,44.5442,1.4,155,"1_10"
1,2017-02-21 01:19:59,13.3567,44.543,0.9,101,"1_10"
1,2017-02-21 01:24:29,13.3582,44.5418,1.4,130,"1_10"
1,2017-02-21 01:29:39,13.3597,44.5407,0.3,52,"1_10"
1,2017-02-21 01:33:59,13.3613,44.5395,1.3,114,"1_10"
1,2017-02-21 01:37:18,13.3623,44.5387,1.2,123,"1_10"
1,2017-02-21 01:43:09,13.3643,44.5373,0.9,112,"1_10"
1,2017-02-21 01:46:18,13.3653,44.5365,1,107,"1_10"
1,2017-02-21 01:55:07,13.3685,44.5343,1.5,107,"1_10"
1,2017-02-21 01:55:18,13.3685,44.5343,1.2,103,"1_10"
1,2017-02-21 02:03:29,13.371,44.5323,1.2,132,"1_10"
1,2017-02-21 02:12:59,13.3745,44.5303,1.1,109,"1_10"
1,2017-02-21 02:17:09,13.376,44.5295,0.5,116,"1_10"
1,2017-02-21 02:33:18,13.3812,44.5253,1.5,142,"1_10"
1,2017-02-21 02:39:58,13.3832,44.524,0.9,102,"1_10"
1,2017-02-21 02:48:39,13.386,44.5223,1,112,"1_10"
1,2017-02-21 02:55:18,13.3838,44.5202,6,205,"1_10"
1,2017-02-21 02:59:58,13.3783,44.5142,2.8,209,"1_10"
1,2017-02-21 03:05:08,13.3768,44.515,0.5,356,"1_10"
1,2017-02-21 03:09:38,13.3757,44.5158,1,323,"1_10"
1,2017-02-21 03:15:19,13.3742,44.5172,0.7,334,"1_10"
1,2017-02-21 03:17:09,13.3735,44.5175,0.5,281,"1_10"
1,2017-02-21 03:53:57,13.3668,44.5235,1.4,307,"1_10"
1,2017-02-21 04:00:09,13.3617,44.5282,0.9,317,"1_10"
1,2017-02-21 04:04:08,13.3605,44.529,1.1,0,"1_10"
1,2017-02-21 04:15:09,13.357,44.5318,1.4,317,"1_10"
1,2017-02-21 04:19:18,13.356,44.5328,1.2,357,"1_10"
1,2017-02-21 04:25:29,13.3538,44.5343,1.4,325,"1_10"
1,2017-02-21 04:30:19,13.3523,44.5355,1.2,314,"1_10"
1,2017-02-21 04:34:48,13.3507,44.5367,1.4,305,"1_10"
1,2017-02-21 04:39:48,13.349,44.5378,1.5,311,"1_10"
1,2017-02-21 04:44:39,13.3475,44.539,1.4,353,"1_10"
1,2017-02-21 04:50:29,13.3457,44.5405,1.8,346,"1_10"
1,2017-02-21 04:55:39,13.3438,44.5415,1.2,301,"1_10"
1,2017-02-21 05:00:38,13.3428,44.5428,1.6,330,"1_10"
1,2017-02-21 05:03:59,13.3422,44.5437,1.2,335,"1_10"
1,2017-02-21 05:10:39,13.3413,44.5437,0.1,222,"1_10"
1,2017-02-21 05:15:39,13.3412,44.5433,0.1,171,"1_10"
1,2017-02-21 05:20:38,13.3413,44.543,0,179,"1_10"
1,2017-02-21 05:25:28,13.3353,44.5417,6.2,238,"1_10"
1,2017-02-21 05:30:29,13.3243,44.5385,5.2,236,"1_10"
1,2017-02-21 05:35:38,13.3248,44.538,1.4,158,"1_10"
1,2017-02-21 05:40:28,13.326,44.5368,0.7,119,"1_10"
1,2017-02-21 05:45:28,13.3273,44.5357,1.2,152,"1_10"
1,2017-02-21 05:48:39,13.3283,44.535,1.2,146,"1_10"
1,2017-02-21 05:55:39,13.3303,44.5333,1.2,148,"1_10"
1,2017-02-21 06:00:47,13.332,44.532,1,118,"1_10"
1,2017-02-21 06:04:48,13.3332,44.5312,0.7,113,"1_10"
1,2017-02-21 06:09:49,13.3347,44.5298,1.3,159,"1_10"
1,2017-02-21 06:14:18,13.3362,44.5288,0.7,116,"1_10"
1,2017-02-21 06:20:09,13.3382,44.5273,1.3,123,"1_10"
1,2017-02-21 06:23:28,13.3393,44.5265,1.4,122,"1_10"
1,2017-02-21 06:31:09,13.3418,44.5247,1.2,121,"1_10"
1,2017-02-21 06:37:59,13.344,44.523,0.7,118,"1_10"
1,2017-02-21 06:45:28,13.3467,44.5213,0.9,92,"1_10"
1,2017-02-21 06:48:48,13.3477,44.5205,1,116,"1_10"
1,2017-02-21 06:53:29,13.3493,44.5195,1.3,107,"1_10"
1,2017-02-21 06:56:09,13.3502,44.5188,1.4,115,"1_10"
1,2017-02-21 07:08:49,13.3542,44.5157,0.7,117,"1_10"
1,2017-02-21 07:14:48,13.3558,44.5142,0.5,178,"1_10"
1,2017-02-21 07:19:29,13.3575,44.513,1.2,103,"1_10"
1,2017-02-21 07:25:48,13.3597,44.5117,1.2,107,"1_10"
1,2017-02-21 07:32:49,13.362,44.5098,1.6,109,"1_10"
1,2017-02-21 07:40:48,13.3653,44.5087,1.1,73,"1_10"
1,2017-02-21 07:45:48,13.3658,44.5085,2,172,"1_10"
1,2017-02-21 07:50:09,13.3577,44.5058,6.1,249,"1_10"
1,2017-02-21 07:55:57,13.3447,44.5023,6.1,242,"1_10"
1,2017-02-21 07:59:08,13.3385,44.4992,6.2,238,"1_10"
1,2017-02-21 08:05:48,13.3247,44.4938,6.3,260,"1_10"
1,2017-02-21 08:10:39,13.3135,44.4907,6.3,246,"1_10"
1,2017-02-21 08:15:38,13.3025,44.4868,6.2,239,"1_10"
1,2017-02-21 08:20:48,13.291,44.4793,9.6,227,"1_10"
1,2017-02-21 08:26:08,13.2808,44.467,9.7,196,"1_10"
1,2017-02-21 08:26:49,13.2803,44.4652,9.7,191,"1_10"
1,2017-02-21 08:32:29,13.2715,44.4513,9.7,210,"1_10"
1,2017-02-21 08:37:28,13.2635,44.4392,9.7,196,"1_10"
1,2017-02-21 08:44:48,13.252,44.4225,9.5,253,"1_10"
1,2017-02-21 09:20:21,13.2027,44.443,8.4,142,"1_10"
1,2017-02-21 09:23:20,13.2145,44.4315,8.5,148,"1_10"
1,2017-02-21 09:29:21,13.2255,44.4193,8.6,138,"1_10"
1,2017-02-21 09:35:49,13.222,44.3975,10.6,218,"1_10"
1,2017-02-21 09:40:49,13.2073,44.3873,10.7,225,"1_10"
1,2017-02-21 09:50:48,13.18,44.3653,10.6,231,"1_10"
1,2017-02-21 10:26:20,13.0947,44.2967,10.9,222,"1_10"
1,2017-02-21 10:29:20,13.0947,44.2967,10.9,222,"1_10"
1,2017-02-21 10:35:19,13.0773,44.2827,11,218,"1_10"
1,2017-02-21 10:41:19,13.0612,44.2678,11,208,"1_10"
1,2017-02-21 10:44:17,13.0442,44.2543,10.9,226,"1_10"
1,2017-02-21 10:50:20,13.0262,44.2413,10.8,226,"1_10"
1,2017-02-21 10:56:20,13.0083,44.2278,11,217,"1_10"
1,2017-02-21 11:14:08,12.948,44.1768,11,222,"1_10"
1,2017-02-21 11:21:28,12.9295,44.1588,11,217,"1_10"
1,2017-02-21 11:24:49,12.9212,44.1507,11,227,"1_10"
1,2017-02-21 11:29:28,12.9082,44.1402,10.8,223,"1_10"
1,2017-02-21 11:35:49,12.8907,44.1257,10.7,215,"1_10"
1,2017-02-21 11:40:29,12.8798,44.114,10.8,220,"1_10"
1,2017-02-21 11:44:09,12.8703,44.1053,10.8,218,"1_10"
1,2017-02-21 12:00:48,12.8307,44.064,10.9,216,"1_10"
1,2017-02-21 12:35:19,12.7613,43.9948,10.9,212,"1_10"
1,2017-02-21 12:41:17,12.7518,43.9782,10.8,187,"1_10"
1,2017-02-21 12:44:18,12.7518,43.9782,10.8,187,"1_10"
1,2017-02-21 12:50:17,12.7508,43.9682,0.3,185,"1_10"
1,2017-02-21 12:56:17,12.7507,43.9682,0,360,"1_10"
1,2017-02-21 12:59:19,12.7507,43.9681,0,360,"1_10"
